Titulo,Director,Pais,Año,Genero,Duración (Minutos),Protagonistas,Idioma,Producción,Guion,Música,Fotografía,Vestuario,Productora,Presupuesto (Dólares),Recaudación (Dólares),Ganador
La strada,Federico Fellini,Italia,1956​​,Drama,104,"Anthony Quinn, Giulietta Masina, Richard Basehart",Italiano,"Dino De Laurentiis, Carlo Ponti","Federico Fellini, Ennio Flaiano, Tullio Pinelli",Nino Rota,Otello Martelli,,,,,1
Gervaise,René Clément,Francia,1956​​,Drama,122,María Schell François Périer Suzie Delair Armand Mestral,Francés,Agnès Delahaie,Jean Aurenche Pierre Bost Basado en la novela la novela de Émile Zola L'assommoir,Georges Auric,Robert Juillard,Antoine Mayo,Agnes Delahaie Productions Silver Films Compagnie Industrielle et Commerciale Cinématographique Cino del Duca,,,0
El arpa birmana,Kon Ichikawa,Japón,1956​​,"Drama, bélico",143,"Jun Hamamura, Rentarō Mikuni, Shōji Yasui, Taketoshi Naito, Kō Nishimura",japonés,Masayuki Takagi,Natto Wada,Akira Ifukube,Minoru Yokoyama,,Nikkatsu,,,0
Qivitoq,Erik Balling,Dinamarca,1956​​,Drama,120,"Poul Reichhardt, Astrid Villaume, Gunnar Lauring, Bjørn Watt Boolsen, Randi Michelsen, Kirsten Rolffes",Danés,,Leck Fischer,Svend Erik Tarp,Poul Pedersen,Inger Sepstrup,Nordisk Film Kompagni,,,0
Las noches de Cabiria,Federico Fellini,Italia,1957​,Drama,117,"Giulietta Masina, François Périer, Franca Marzi, Dorian Gray, Aldo Silvani, Ennio Girolami, Mario Passante, Amedeo Nazzari",Italiano,Dino De Laurentiis,"Ennio Flaiano, Tullio Pinelli, Federico Fellini, Pier Paolo Pasolini","Pasquale Bonagura, Nino Rota","Aldo Tonti, Otello Martelli",Piero Gherardi,,,,1
"Nachts, wenn der Teufel kam",Robert Siodmak,Alemania,1957​,Drama,97,"Mario Adorf, Claus Holm, Hannes Messemer, Werner Peters",Idioma alemán,Robert Siodmak,Werner Jorg Luddecke,Siegfried Franz,Georg Krause,,,,,0
Madre India,Mehboob Khan,India,1957​,Drama,172,"Nargis, Sunil Dutt, Rajendra Kumar, Raaj Kumar, Kanhaiyalal, Jilloo Maa, Kumkum, Mukri, Sajid Khan",Hindi,Mehboob Khan,S. Ali Raza,Naushad,Faredoon Irani,,Mehboob Studio,,,0
Mi tío,Jacques Tati,Francia,1958​,Comedia,120,"Jacques Tati, Jean-Pierre Zola Adrienne Servantie, Alain Bécourt, Lucien Fregis, Betty Schneider, Yvonne Arnaud",Francés,Jacques Tati,"Jacques Tati, Jacques Lagrange",Alain Romans Franck Barcellini,Jean Bourgoin,Jacques Cottin,Gaumont Film Company,250000,,1
La venganza,Juan Antonio Bardem,España,1958​,Drama,122,"Carmen Sevilla, Raf Vallone, Jorge Mistral, José Prada, Manuel Alexandre, Manuel PeiróConchita Bautista",Español,"Cesáreo González, Manuel J. Goyanes",Juan Antonio Bardem,Isidro B. Maiztegui,Mario Pacheco,Humberto Cornejo,Suevia Films,,,0
Los desconocidos de siempre,Mario Monicelli,Italia,1958​,"Comedia, policiaco",106,Vittorio Gassman Renato Salvatori Memmo Carotenuto Carla Gravina Claudia Cardinale Marcello Mastroianni Totò,Italiano,Franco Cristaldi,"Agenore Incrocci, Furio Scarpelli Suso Cecchi d'Amico Mario Monicelli Basado en el cuento de Italo Calvino Robo en una pastelería, publicado en su libro de 1946 Por último, el cuervo",Piero Umiliani,Gianni Di Venanzo,Piero Gherardi,Cinecittà Lux Film Vides Cinematografica,,,0
Orfeo negro,Marcel Camus,"Brasil, Francia, Italia",1959​,Fantasía,100,"Breno Mello, Marpessa Dawn, Lourdes de Oliveira, Léa Garcia, Jorge Dos Santos, Ademar Da Silva",Portugués,Sacha Gordine,"Marcel Camus, Jacques Viot",Luiz BonfáAntonio Carlos Jobim,Jean Bourgoin,,Warner Bros.Warner Bros. Pictures,,750000,1
El puente,Bernhard Wicki,Alemania Occidental,1959​,Drama bélico,105,"Folker Bohnet, Fritz Wepper, Michael Hinz, Frank Glaubrecht, Karl Michael Balzer, Volker Lechtenbrink, Günther Hoffmann",Alemán,Fono Film,"Bernhard Wicki, Karl-Wilhelm Vivier, Michael Mansfeld",Hans-Martin Majewski,Gerd von Bonin,,,,,0
La Gran Guerra,Mario Monicelli,"Italia, Francia",1959​,"Comedia, drama, bélico",137,"Vittorio Gassman, Alberto Sordi, Silvana Mangano",Italiano,Dino De Laurentiis,"Mario Monicelli, Agenore Incrocci, Furio Scarpelli, Luciano Vincenzoni, Carlo Salsa",Nino Rota,"Roberto Gerardi, Giuseppe Rotunno, Leonida Barboni, Giuseppe Serrandi",Danilo Donati,"Dino de Laurentiis Cinematográfica, Gray-Film",,,0
El manantial de la doncella,Ingmar Bergman,Suecia,1960,Fantasía,89,"Max von Sydow, Birgitta Valberg, Gunnel Lindblom, Birgitta Pettersson, Axel Düberg",suecoalemán,"Ingmar Bergman, Allan Ekelund",Ulla Isaksson,Erik Nordgren,Sven Nykvist,Marik Vos-Lundh,Svensk Filmindustri,,,1
Kapò,Gillo Pontecorvo,"Italia, Francia, Yugoslavia",1960,Cine bélico,116,"Susan Strasberg, Didi Perego, Laurent Terzieff",italiano,"Franco Cristaldi, Moris Ergas","Gillo Pontecorvo, Franco Solinas",Carlo Rustichelli,Aleksandar Sekulović,,Cineriz,,,0
La verdad,Henri-Georges Clouzot,Francia,1960,Drama,124,"45 personas, Brigitte Bardot, Charles Vanel, Paul Meurisse, Sami Frey, Jacques Perrin, Marie-José Nat, Louis Seigner, Jean-Loup Reynold, Albert Michel, André Oumansky, Barbara Sommers, Betty Beckers, Charles Bouillaud, Christian Lude, Claude Berri, Claudine Berg, Colette Castel, Colette Régis, Dominique ZardiÉdouard Francomme, Fernand Ledoux, Georgette Peyron, Germaine Delbat, Guy Tréjan, Hubert de Lapparent, Jackie Sardou, Jacqueline Porel, Jacques Hilling, Jacques Marin, Laure Paillette, Louis Arbessier, Louis Saintève, Marc Arian, Marcel Cuvelier, Marcel Delaître, Marcel Loche, Paul Bonifas, Pierre Durou, Raymond Meunier, René Blancard, Robert Blome, Robert Mercier, Simone Berthier, Suzy Willy, Yvonne Dany",Francés,Raoul Lévy,"Henri-Georges Clouzot, Christiane Rochefort, Véra Clouzot",Ígor Stravinsky,Armand Henri Julien Thirard,,,,,0
Macario,Roberto Gavaldón,México,1960,Drama psicológico,91,"Ignacio López Tarso, Pina Pellicer",Español,Armando Orive Alba,"Emilio Carballido, Roberto Gavaldón",Raúl Lavista,Gabriel Figueroa,,Clasa Films Mundiales,,80000,0
Såsom i en spegel,Ingmar Bergman,Suecia,1961,Drama,89,"Harriet Andersson, Max von Sydow, Gunnar Björnstrand, Lars Passgård.",Sueco,Allan Ekelund,Ingmar Bergman,Erik Nordgren,Sven Nykvist,Mago,Svensk Filmindustri,,,1
Ánimas Trujano,Ismael Rodríguez,México,1961,drama,104,"Toshirō Mifune, Columba Domínguez, Flor Silvestre, Pepe Romay, Titina Romay, Antonio Aguilar, José Chávez Trowe, Eduardo Fajardo.",español,Ismael Rodríguez,"Rogelio Barriga Rivas, Vincent Orona, Jr.",Raúl Lavista,Gabriel Figueroa,,,,,0
Plácido,Luis García Berlanga,España,1961,Comedia,83,"Cassen, José Luis López Vázquez, Amelia de la Torre, Mari Carmen Yepes, José María Caffarel, Manuel Alexandre, Elvira QuintilláAmparo Soler Leal, Xan Das Bolas, Félix Dafauce, Julia Delgado Caro, Julia Caba Alba",Español,Alfredo Matas,"Rafael Azcona, José Luis Colina, José Luis Font, Luis García Berlanga",Miguel Asins Arbó,Francisco Sempere,Hermanos Peris,Jet Films,,,0
Sibila,Serge Bourguignon,Francia,1962,Drama,110,"Hardy Krüger, Nicole Courcel, Patricia Gozzi",francés,Romain Pinès,"Serge Bourguignon, Antoine Tudal",Maurice Jarre,Henri Decaë,,Fides,,,1
Electra,Michael Cacoyannis,Grecia,1962,Drama,110,"Irene Papas, Guiannis Fertis, Aleka Katselli, Manos Katrakis, Notis Peryalis, Fivos Razi, Takis Emmanuel, Theano Ioannidou, Malaina Anousaki, Theodoros Dimitriou, Elsie Pittas, Petros Ampelas, Kitty Arseni, Thodoros Exarhos, Elli Fotiou, Afroditi Grigoriadou, Kostas Kazakos",Griego,Michael Cacoyannis,Michael Cacoyannis,Mikis Theodorakis,Walter Lassally,,Finos Film,,,0
Le quattro giornate di Napoli,Nanni Loy,Italia,1962,"Dramático, histórico, guerra",116,"Raffaele Barbato: Ajello, Charles Belmont: marinero, Silvana Buzzanca: Immacolata, Luigi De Filippo: Cicillo, Domenico Formato: Gennarino Capuozzo, Enzo Cannavale: Un partisano, Regina Bianchi: Concetta Capuozzo, Aldo Giuffré: Pitrella, Curt Lowens: oficial alemán, Pupella Maggio: madre de Arturo, Rosalia Maggio: mujer angustiada, Lea Massari: Maria, Jean Sorel: marinero livornés, Franco Sportelli: Profesor Rosati, Enzo Turco: Valente, Gian Maria Volonté: capitán Stimolo, Georges Wilson: director del reformatorio, Frank Wolff: Salvatore, Raf Vallone:Eduardo Passarelli:Carlo Taranto: jugador de cartas, Luigi Avarista: uno de los amotinados, Adriana Facchetti: mujer angustiada, Pasquale Fasciano: el  hombre fuerte que empuja el cañón",Italiano,Goffredo Lombardo,"Carlo Bernari, Pasquale Festa Campanile, Massimo Franciosa, Nanni Loy",Carlo Rustichelli,Marcello Gatti,,Titanus,,,0
El pagador de promesas,Anselmo Duarte,Brasil,1962,Drama,92,"Glória Menezes, Norma Bengell, Leonardo Villar, Geraldo Del Rey",Portugués,Anselmo Duarte,Anselmo Duarte,Gabriel Migliori,,,,,,0
Tlayucan,Luis Alcoriza,México,1962,Cine de humor negro,95,Julio Aldama Norma Angélica Ladrón de Guevara Jorge Martínez de Hoyos Andrés Soler,Español,Antonio Matouk,Luis Alcoriza,Sergio Guerrero,Rosalio Solano,,Producciones Matouk,,,0
8½,Federico Fellini,Italia,1963,Drama,146,"Marcello Mastroianni, Claudia Cardinale, Anouk Aimée, Sandra Milo, Barbara Steele, Rossella Falk",Italiano,Angelo Rizzoli,"Argumento: Federico Fellini, Ennio Flaiano, Guion: Ennio Flaiano, Tullio Pinelli Brunello Rondi, Federico Fellini",Nino Rota,Gianni Di Venanzo,Piero Gherardi,"Cineriz, Francinex",,,1
El cuchillo en el agua,Roman Polański,Polonia,1963,Drama,94,"Leon Niemczyk Jolanta Umecka, Zygmunt Malanowicz, Annamaria Chio",Polaco,Stanislaw Zylewicz,"Jakub Goldberg, Roman Polański, Jerzy Skolimowski",Krzysztof T. Komeda Bernt Rosengren,Jerzy Lipman,Barbara Ptak,"Zespol Filmowy ""Kamera""",,,0
Los Tarantos,Francisco Rovira-Beleta,España,1963,Musical,83,"Antonio Gades, Carmen Amaya",Español,,"Francisco Rovira-Beleta, Alfredo Mañas","Andrés Batista, Fernando García Morcillo, Emilio Pujol, José Solá",Massimo Dallamano,,,,,0
"Ayer, hoy y mañana",Vittorio de Sica,Italia,1964,Comedia,118,"Sophia Loren, Marcello Mastroianni, Aldo GiuffrèAgostino Salvietti, Lino Mattera, Tecla Scarano, Silvia Monelli, Carlo Croccolo, Pasquale Cennamo Tonino Cianci, Armando Trovajoli, Tina Pica, Gianni Ridolfi, Gennaro Di Gregorio",Italiano,Carlo Ponti,"Billa Billa, Eduardo De Filippo, Alberto Moravia, Isabella Quarantotti, Cesare Zavattini",Armando Trovaioli,Giuseppe Rotunno,Piero Tosi,,,,1
Sallah Shabati,Efraim Kishón,Israel,1964,Comedia,98,"Chaim Topol, Arik Einstein, Gila Almagor, Zaharira Harifai",Hebreo,Menahem Golan,Efraim Kishón,Yohanan Zarai,Floyd Crosby,,,,,0
Los paraguas de Cherburgo,Jacques Demy,"Francia, Alemania Occidental",1964,"Musical, drama, romántico",91,"Catherine Deneuve, Nino Castelnuovo",Francés,Mag Bodard,Jacques Demy,Michel Legrand,Jean Rabier,,"Parc Film, Madeleine Films, Beta Film",,,0
La mujer de la arena,Hiroshi Teshigahara,Japón,1964,Drama,146,"Eiji Okada, Kyōko Kishida",japonés,"Kiichi Ichikawa, Tadashi Ōno",Kōbō Abe,Tōru Takemitsu,Hiroshi Segawa,,Teshigahara Production,,,0
La tienda de la Calle Mayor,Ján Kadár,Checoslovaquia,1965,Guerra y Drama,125,"Ida Kamińska, Jozef Kroner, Frantisek Zvarík, Hana SlivkováMartin Gregor",Eslovaco,"Jordan Balurov, M. Broz, Karel Feix, Jaromír Lukás, Frank Daniel","Ladislav Grosman, Ján Kadár, Elmar Klos",Zdenek Liska,Vladimír Novotný,,Barrandov Studios,,,1
Käre John,Lars-Magnus Lindgren,Suecia,1965,Dramático,115,"Jarl Kulle, Christina Schollin",Sueco,"Göran Lindgren, Bo Jonsson",Lars-Magnus Lindgren,Bengt-Arne Wallin,Rune Ericson,Gunilla Pontén,,,,0
Matrimonio a la italiana,Vittorio De Sica,Italia,1965,Romance,95,"Sophia Loren, Marcello Mastroianni, Aldo Puglisi, Tecla Scarano, Marilù Tolo, Gianni Ridolfi, Lino Mattera Alfio Vita",Italiano,Carlo Ponti,"Renato Castellani, Antonio Guerra, Leo Benvenuti, Piero de Bernardi",Armando Trovaioli,Roberto Gerardi,Piero Tosi,"Compagnia Cinematografica Champion, Cocinor, Les Films Marceau, Société Générale de Cinématographie, Coproducción Italia-Francia; Compagnia Cinematografica Champion / Les Films",,,0
Un hombre y una mujer,Claude Lelouch,Francia,1966,drama romántico,102,"Anouk Aimée, Jean-Louis Trintignant",Francés,Claude Lelouch,"Claude Lelouch, Pierre Uytterhoeven",Francis Lai,Claude Lelouch,,Les Films 13,,,1
La batalla de Argel,Gillo Pontecorvo,"Argelia, Italia",1966,Histórico,121,Brahim Hadjadj Jean Martin Yacef Saâdi Samia Kerbash Ugo Paletti Fusia El Kader Mohamed Ben Kassen,Árabe,Antonio Musu Yacef Saâdi,Gillo Pontecorvo Franco Solinas,Gillo Pontecorvo Ennio Morricone,Marcello Gatti,,Igor Film Casbah Film,,962002,0
Los amores de una rubia,Miloš Forman,Checoslovaquia,1966,Drama,90,"Hana BrejchováVladimír Pucholt, Vladimír Menšík, Ivan Kheil, Jirí HrubýMilada JezkováJosef Sebánek",Checo,Doro Vlado HreljanovićRudolf Hájek,"Miloš Forman, Jaroslav Papoušek",Evžen Illín,Miroslav Ondrícek,Zdena Snajdarová,Barrandov Studios,,,0
Faraón,Jerzy Kawalerowicz,República Popular de Polonia,1966,Drama,180,"21 personas, Jerzy Zelnik, Barbara Brylska, Krystyna Mikołajewska, Stanisław Milski, Kazimierz Opaliński, Wiesława Mazurkiewicz, Jerzy Block, Ewa Krzyżewska, Ryszard Ronczewski, Piotr Pawłowski, Leszek Herdegen, Emir Buczacki, Andrzej Girtler, Wiktor Grotowicz, Józef Czerniawski, Edward Rączkowski, Alfred Łodziński, Jarosław Skulski, Leonard Andrzejewski, Lucyna Winnicka, Mieczysław Voit",Polaco,,"Tadeusz Konwicki, Jerzy Kawalerowicz",Adam Walaciński,Jerzy Wójcik,,Filmstudio Kadr,,,0
Trenes rigurosamente vigilados,Jiří Menzel,Checoslovaquia,1967,Drama,92,"Václav NeckářJitka BendováJosef Somr, Vlastimil BrodskýVladimír Valenta",checoalemán,Zdeněk Oves,Jiří Menzel,Jiří Šust,Jaromír Šofr,Olga Dimitrovová,Barrandov Studios,,1500000,1
El amor brujo,Francisco Rovira Beleta,España,1967,Musical,103,"Antonio Gades, La Polaca, Rafael de Córdova, Morucha, Nuria Torray",Español,,"José Antonio Medrano, José Manuel Caballero Bonald, Francisco Rovira Beleta","Ernesto Halffter, Narciso Yepes","Gábor Pogány, Francisco Herrada Marín",,"Exclusivas Floralva Producción, Films Rovira Beleta",,,0
Skupljači perja,Aleksandar Petrović,Yugoslavia,1967,Drama,94,"Bekim Fehmiu, Olivera Vučo, Bata ŽivojinovićGordana JovanovićMija Aleksić",serbocroata,,Aleksandar Petrović,Aleksandar Petrović,Tomislav Pinter,,,,,0
Vivir para vivir,Claude Lelouch,Francia,1967,Drama,130,"Yves Montand, Candice Bergen, Annie Girardot",francés,"Georges Dancigers, Alexandre Mnouchkine","Claude Lelouch, Pierre Uytterhoeven",Francis Lai,Patrice Pouget,,Vides Cinematografica,,,0
Guerra y paz,Serguéi Bondarchuk,la Unión Soviética,1968,Cine bélico,484,"Ludmila Savélyeva, Viacheslav Tíjonov, Serguéi Bondarchuk",Ruso,GoskinóMosfilm,"Serguéi Bondarchuk, Vasili Solovyov, León Tolstói",Vyacheslav Ovchínnikov,"Anatoly Petritsky, Iolanda Chen, Aleksandr Shelenkov",,Mosfilm,8291712,58000000,1
Los muchachos de la calle Pal,Zoltán Fábri,Hungría,1968,Drama,110,Mari Törőcsik,Húngaro,Endre Bohem,"Endre Bohem, Zoltán Fábri, Ferenc Molnár",Emil Petrovics,György Illés,Judit Schäffer,"Groskopf, MAFILM Stúdio 1",,,0
"¡Al fuego, bomberos!",Miloš Forman,Checoslovaquia,1968,Comedia,71,"Josef Šebánek, Stanislav Ditrich, Milada Ježková",checo,Rudolf Hájek,Miloš Forman Ivan Passer Jaroslav Papoušek,Karel Mareš,Miroslav Ondříček,,Barrandov Studios,,,0
La ragazza con la pistola,Mario Monicelli,Italia,1968,Comedia,100,"Monica Vitti, Stanley Baker",italiano,Gianni Hecht Lucari,"Luigi Magni, Rodolfo Sonego",Peppino De Luca,Carlo Di Palma,Maurizio Chiari,,,,0
Baisers volés,François Truffaut,Francia,1968,"Drama, comedia",90,"Jean-Pierre Léaud, Claude Jade, Daniel Ceccaldi, Claire Duhamel, Delphine Seyrig, Michael Lonsdale",Francés,Marcel Berbert,"François Truffaut, Claude de Givray, Bernard Revon",Antoine Duhamel,Denys Clerval,,Les Films du Carrosse,,,0
Z,Costa-Gavras,"Argelia, Francia",1969,Thriller político,127,Yves Montand Jean-Louis Trintignant Irene Papas Jacques Perrin,Francés,"Jacques Perrin, Ahmed Rachedi",Jorge Semprún Costa-Gavras,Mikis Theodorakis,Raoul Coutard,,Office National pour le Commerce et l'Industrie Cinématographique Reggane Films Valoria Films,,17300000,1
La batalla del río Neretva,Veljko Bulajić,Yugoslavia,1969,Bélico,102,"Silva Koscina, Milena Dravić Yul Brynner Franco Nero Curd Jürgens Sergei Bondarchuk Hardy Krüger Orson Welles Anthony Dawson Velimir Živojinović Boris Dvornik Ljubiša Samardžić Pavle Vuisić Lojze Rozman Stole Aranđelović Nikola Angelovski",Bosnio,Steve Previn,"Ugo Pirro, Рako Đurović, Stevan Bulajić, Veljko Bulajić, Adaptación al inglés: Alfred Hayes",Bernard Herrmann,Tomislav Pinter,,Commonwealth United,,,0
Mi noche con Maud,Eric Rohmer,Francia,1969,Drama,110,"Jean-Louis Trintignant, Françoise Fabian, Marie-Christine Barrault, Antoine Vitez, Léonide Kogan, Guy Léger, Anne Dubot, Marie Becker, Marie-Claude Rauzier",Francés,"Pierre Cottrell, Barbet Schroeder",Éric Rohmer,Jacques Maumont,Néstor Almendros,,FFD Les Films de la Pléiade Les Films des deux mondes Les Films du Carrosse Les Films du Losange Les Productions de la Guéville Renn Productions Simar Films Société Française de Production Two World Entertainment,,,0
Investigación sobre un ciudadano libre de toda sospecha,Elio Petri,Italia,1970,Drama,115,"17 personas, Gian Maria VolontéFlorinda Bolkan, Gianni Santuccio, Salvo Randone, Orazio Orlando, Arturo Dominici, Aldo Rendine, Sergio Tramonti, Vittorio Duse, Massimo Foschi, Fulvio Grimaldi, Aleka Paizi, Filippo De Gara, Gianfranco Barra, Vincenzo Falanga, Ettore Geri, Aristide Caporale",Italiano,Marina Cicogna,"Elio Petri, Ugo Pirro",Ennio Morricone,Luigi Kuveiller,,Vera Films,,,1
Erste Liebe,Maximilian Schell,Suiza,1970,Drama,90,"Maximilian Schell, Dominique Sanda, John Moulder-Brown",Inglés,"Barry Levinson, Maximilian Schell",Maximilian Schell,Mark London,Sven Nykvist,,"Alfa Film, Franz Seitz Filmproduktion",,,0
Tristana,Luis Buñuel,España,1970,Drama,99,"Catherine Deneuve, Fernando Rey, Franco Nero, Lola Gaos",Español,"Luis Buñuel, Robert Dorfmann","Luis Buñuel, Julio Alejandro",Frédéric Chopin,José F. Aguayo,Rosa García,"Época Films, Talía Films, Selenia Cinematográfica, Les Films Corona",,12686,0
El jardín de los Finzi-Contini,Vittorio de Sica,Italia,1971,Drama,94,Lino Capolicchio​  Dominique Sanda  Helmut Berger  Fabio Testi,Italiano,Arthur Brauner  Arthur Cohn  Gianni Hecht Lucari,Vittorio Bonicelli  Ugo Pirro,Bill Conti  Manuel de Sica,Ennio Guarnieri,Giancarlo Bartolini Salimbeni,,,,1
Dodesukaden,Akira Kurosawa,Japón,1971,Drama,140,"Yoshitaka Zushi, Kin Sugai, Kazuo KatôJunzaburo Ban, Kiyoko Tange",japonés,"Kon Ichikawa, Keisuke Kinoshita, Masaki Kobayashi, Akira Kurosawa, Yoichi Matsue","Akira Kurosawa, Hideo Oguni, Shinobu Hashimoto",Tôru Takemitsu,"Yasumichi Fukuzawa, Takao Saitô",Miyuki Suzuki,"Yonki-no-Kai Productions, Toho Company",,,0
Los emigrantes,Jan Troell,Suecia,1971,Drama,151,"Max von Sydow, Liv Ullmann, Eddie Axberg, Monica Zetterlund, Sven-Olof Bern, Aina Alfredsson, Allan Edwall, Pierre Lindstedt.",Sueco,Bengt Forslund,"Bengt Forslund, Jan Troell",Erik Nordgren,Jan Troell,Ulla-Britt Söderlund,"Svensk Filmindustri, Warner Bros.",,,0
El discreto encanto de la burguesía,Luis Buñuel,Francia,1972,Comedia,102,"Fernando Rey, Jean-Pierre Cassel, Paul Frankeur, Delphine Seyrig, Stéphane Audran, Bulle Ogier",Francés,Serge Silberman,"Luis Buñuel, Jean-Claude Carrière",,Edmond Richard,Jacqueline Guyot,"Greenwich Film Productions, Dean Film, Jet Films S.A",,,1
Los amaneceres son aquí más apacibles,Stanislav Rostotski,la Unión Soviética,1972,Drama,188,"Andréi Martynov, Elena Drapeko, Ekaterina Markova, Olga Ostroumova, Irina Shevchuk, Irina Dolganova, Liudmila Zaitseva",ruso,,"Stanislav Rostotski, Boris Vasiliev",Kirill Molchanov,Vyacheslav Shumskiy,,Estudios de Cine Gorki,,,0
Mi querida señorita,Jaime de Armiñán,España,1972,Drama,80,"José Luis López Vázquez, Julieta Serrano, Antonio Ferrandis, Enrique Ávila, Lola Gaos, Chus Lampreave Verónica ForquéMónica Randall Luis Barbero",español,Luis Megino,"José Luis Borau, Jaime de Armiñán",Rafael Ferro,Luis Cuadrado,,El Imán,,,0
La nueva tierra,Jan Troell,Suecia,1972,Drama,204,"13 personas, Max von Sydow, Liv Ullmann, Eddie Axberg, Monica Zetterlund, Allan Edwall, Hans Alfredson, Pierre Lindstedt, Agneta Prytz, Halvar Björk, Peter Lindgren, Per Oscarsson, Oscar Ljung, Tom Fouts",Sueco,Bengt Forslund,"Jan Troell, Bengt Forslund","Bengt Ernryd, Nils Parling, Lars August Lundh, Georg Oddner",Jan Troell,,Svensk Filmindustri,,,0
La noche americana,François Truffaut,"Francia, Italia",1973,Drama,115,François Truffaut Jacqueline Bisset Valentina Cortese Jean-Pierre Léaud Jean-Pierre Aumont Alexandra Stewart David Markham Nathalie Baye Dani,Francés,Marcel Berbert,"François Truffaut, Jean-Louis Richard Suzanne Schiffman",Georges Delerue,Pierre-William Glenn,,"Les Films du Carrosse, PECFPIC",,,1
La invitación,Claude Goretta,Suiza,1973,Comedia,100,"Jean-Luc Bideau, François Simon, Jean Champion",Francés,Adolphe Viezzi,"Michel Viala, Claude Goretta",Patrick Moraz,Jean Zeller,,,,,0
Der Fußgänger,Maximilian Schell,Alemania,1973,Drama,98,"23 personas, Peggy Ashcroft, Elisabeth Bergner, Lil Dagover, Johanna Hofer, Gustav Rudolf Sellner, Peter Hall, Alexander May, Elsa Wagner, Gila von Weitershausen, Ruth Hausmeister, Dagmar Hirtz, Maximilian Schell, Angela Salloker, Herbert Mensching, Walter Kohut, Christian Kohlund, Walter Varndal, Sigfrit Steiner, Walter Schmidinger, Franz Seitz Jr.Christine Buchegger, Françoise Rosay, Käthe Haack",Francés,,"Maximilian Schell, Dagmar Hirtz, Franz Seitz Jr.",Mános Hatzidákis,"Wolfgang Treu, Klaus König",,,,,0
Turks fruit,Paul Verhoeven,Países Bajos,1973,Drama erótico,96,"Rutger Hauer, Monique van de Ven, Tonny Huurdeman, Wim van den Brink, Hans Boskamp",Neerlandés,Rob Houwer,Gerard Soeteman,Rogier van Otterloo,Jan de Bont,,,,,0
Amarcord,Federico Fellini,Italia,1974,Comedia,127,"Pupella Maggio, Armando Brancia, Magali Noël, Ciccio Ingrassia, Nando Orfei, Luigi Rossi, Bruno Zanin, Gianfilippo Carcano, Maria Antonietta Beluzzi",Italiano,Franco Cristaldi,Federico Fellini Tonino Guerra,Nino Rota,Giuseppe Rotunno,Danilo Donati,,,,1
Juego de gatos,Károly Makk,Hungría,1974,Drama,115,"Margit Dajka, Mari Törőcsik, Margit Makay, Samu Balázs, Tibor Szilágyi",Húngaro,,"Károly Makk, István Örkény",Péter Eötvös,János Tóth,,Hunnia Játékfilmstúdió,,,0
El diluvio,Jerzy Hoffman,Polonia,1974,cine histórico,315,Daniel Olbrychski Małgorzata Braunek Tadeusz Łomnicki Krzysztof Kowalewski,Polaco,,Jerzy Hoffman Adam Kersten Wojciech Zukrowski,Kazimierz Serocki,Jerzy Wójcik,Magdalena Tesławska,"Zespoły Filmowe, Belarusfilm, Dovzhenko Film Studios",,,0
Lacombe Lucien,Louis Malle,Francia,1974,Drama,138,"Pierre Blaise, Aurore Clément",Francés,"Louis Malle, Claude Nedjar","Louis Malle, Patrick Modiano",Django Reinhardt,Tonino Delli Colli,,"Nouvelles Éditions de Films, Paramount Pictures​Vides Cinematografica​Hallelujah Film​",,,0
La tregua,Sergio Renán,Argentina,1974,"Drama, Romántica",108,"Héctor Alterio, Luis Brandoni, Ana María Picchio, Marilina Ross, Aldo Barbero Juan José Camero, Luis Politti, Carlos Carella, Antonio Gasalla Cipe Lincovsky, Oscar Martínez, Norma Aleandro",Castellano rioplatense,"Marta Juana del Carril Aldao, Rosa Zemborain","Aída Bortnik, Sergio Renán",Julián Plaza,Juan Carlos Desanzo,Tita Tamames,Tamames-Zemborain,,,0
Dersu Uzala,Akira Kurosawa,Unión Soviética,1975,"Aventuras, Drama",144,"Maxim Munzuk, Yuri Solomin, Svetlana Danílchenko",ruso,"Yoichi Matsue, Nikolái Sizov","Vladímir Arséniev, Akira Kurosawa, Yuri Naguibin",Isaak Shvarts,"Asakazu Nakai, Yuriy Gantman, Fyodor Dobronravov",,Mosfilm,,,1
Ziemia obiecana,Andrzej Wajda,Polonia,1975,Cine histórico,179,"53 personas, Daniel Olbrychski, Wojciech Pszoniak, Andrzej Seweryn, Kalina Jędrusik, Bożena Dykiel, Franciszek Pieczka, Kazimierz Opaliński, Andrzej Łapicki, Zbigniew Zapasiewicz, Piotr Fronczewski, Jerzy Zelnik, Marek Walczewski, Emilia Krakowska, Wojciech Siemion, Anna Nehrebecka, Andrzej Szalawski, Stanisław Igar, Tadeusz Białoszczyński, Jerzy Nowak, Maciej Góraj, Grażyna Michalska, Włodzimierz Boruński, Danuta Wodyńska, Marian Glinka, Jadwiga Andrzejewska, Aleksander Dzwonkowski, Kazimierz Wichniarz, Zdzisław Kuźniar, Halina Gryglaszewskasin etiquetar, Lidia Korsakówna, Bernard Ladysz, Bogusław Sochnacki, Bohdana Majda, Kazimierz Kaczor, Teodor Gendera, Jerzy Przybylski, Mieczysław Waśkowski, Jan Paweł Kruk, Alicja Sobieraj, Krzysztof Majchrzak, Janina Grzegorczyk, Janina Tur-Kiryłow, Ryszard Bromowicz, Witold Dederko, Tomasz Lengren, Jerzy Braszka, Mariola Kukuła, Jerzy Stasiuk, Lena Wilczyńska, Zofia Wilczyńska, Andrzej Wohl, Teresa Budzisz-Krzyzanowska",Polaco,,"Andrzej Wajda, Władysław Reymont",Wojciech Kilar,"Witold Sobociński, Edward Kłosiński",Barbara Ptak,,,,0
Actas de Marusia,Miguel Littín,México,1975,Drama,110,"Gian María Volonté, Arturo Beristain, Diana Bracho",Español,Arturo Feliu,Miguel Littín,Mikis Theodorakis,Jorge Stahl Jr.,,Corporación Nacional Cinematográfica,,,0
Sandakan hachibanshokan bohkyo,Kei Kumai,Japón,1975,"Drama, historia, bélico",120,"Kinuyo Tanaka, Komaki Kurihara, Takiko Mizunoe, Eitaro Ozawa",japonés,Masayuki Satô - Hideyuki Shiino,Sakae Hirosawa - Kei Kumai,Akira Ifukube,Mitsuji Kanau,,Tōhō,,,0
Perfume de mujer,Dino Risi,Italia,1975,"Comedia, drama",102,"Vittorio Gassman, Alessandro Momo, Agostina Belli",Italiano,"Pio Angeletti, Adriano De Micheli","Ruggero Maccari, Dino Risi",Armando Trovaioli,Claudio Cirillo,,,,,0
La victoire en chantant,Jean-Jacques Annaud,Francia,1976,Comedia negra,90,"11 personas, Jean Carmet, Jacques Dufilho, Peter Berling, Catherine Rouvel, Jacques Spiesser, Dora Doll, Dieter Schidor, Claude Legros, Jacques Monnet, Marc Zuber, Maurice Barrier",Francés,"Jacques Perrin, Arthur Cohn",Georges Conchon,Pierre Bachelet,Claude Augostini,,"France 3 Cinéma, Reggane Films, Smart Film Produktion, Société Française de Production, Société Ivoirienne de Cinema",,,1
"Cousin, cousine",Jean-Charles Tacchella,Francia,1976,"Drama, Comedia, Romance",95,"Marie-Christine Barrault, Victor Lanoux, Marie-France Pisier",francés,Daniel Toscan du Plantier,Jean-Charles Tacchella Danièle Thompson,Gérard Anfosso,,,,400000,87000000,0
Siete bellezas,Lina Wertmüller,Italia,1976,Drama,115,"Giancarlo Giannini, Fernando Rey, Shirley Stoler, Elena Fiore",Italiano,"Arrigo Colombo, Lina Wertmüller",Lina Wertmüller,Enzo Jannacci,Tonino Delli Colli,,,,,0
Madame Rosa,Moshé Mizrahi,Francia,1977,Drama,105,"11 personas, Simone Signoret, Michal Bat-Adam, Abder El Kebir, Bernard Lajarrige, Claude Dauphin, Costa-Gavras, Gabriel Jabbour, Geneviève Fontanel, Ibrahim Seck, Mohamed Zinet, Théo Légitimus",Francés,Ralph Baum,Moshé Mizrahi,Philippe Sarde,Néstor Almendros,Jacques Fonteray,,,,1
Mivtsa Yonatan,Menahem Golan,Israel,1977,"Acción, drama, historia",124,"Yehoram Gaon, Gila Almagor, Assi Dayán, Sybil Danning, Klaus Kinski, Uzi Cohen",Inglés,"Sybil Danning, Yoram Globus, Menahem Golan","Ken Globus, Menahem Golan, Clarke Reynolds",Dov Seltzer,Adam Greenberg,Rochelle Zaltzman,,25000000,,0
Una jornada particular,Ettore Scola,"Italia, Canadá",1977,Drama,110,Marcello Mastroianni Sophia Loren John Vernon Alessandra Mussolini Françoise Berd Patrizia Basso Tiziano De Persio Maurizio Di Paolantonio Antonio Garibaldi Vittorio Guerrieri Nicole Magny,Italiano,Carlo Ponti,Maurizio Costanzo Ruggero Maccari Ettore Scola,Armando Trovaioli,Pasqualino De Santis,Enrico Sabbatini,Compagnia Cinematografica Champion Canafox,,,0
Ese oscuro objeto del deseo,Luis Buñuel,Francia,1977,Drama,104,"Fernando Rey, Carole BouquetÁngela Molina, Julien Bertheau, André Weber, María Asquerino",Francés,Serge Silberman,"Luis Buñuel, Jean-Claude Carrière",Richard Wagner,Edmond Richard,Sylvie De Segonzac,"Greenwich Film Productions, Les Films Galaxie, In-Cine Compañía Industrial Cinematográfica",,55261,0
Magyarok,Zoltán Fábri,Hungría,1978,Drama,107,Gábor Koncz,Húngaro,,"József Balázs, Zoltán Fábri",György Vukán,György Illés,,Mafilm,,,0
"Bim, mi mejor amigo",Stanislav Rostotsky,Unión Soviética,1978,Drama,182,"Vyacheslav Tikhonov, Stiv, Dendy",Ruso,Yakov Sapozhnikov,Stanislav Rostotsky,Andréi Petrov,Vyacheslav Shumsky,Elza Rapoport,Gorky Film Studios,,,0
El tambor de hojalata,Volker Schlöndorff,"Alemania, Polonia, Francia",1979,Drama,142,"Mario Adorf, Angela Winkler, David Bennent, Daniel Olbrychski, Katharina Thalbach, Charles Aznavour","Alemán, polaco, hebreo e italiano","Franz Seitz, Anatole Dauman","Volker Schlöndorff, Jean-Claude Carrière, Franz Seitz",Maurice Jarre,Igor Luther,,Jadran Film  Franz Seitz Filmproduktion,,25000000,1
Las señoritas de Wilko,Andrzej Wajda,Polonia,1979,Drama,118,Daniel Olbrychski  Anna Seniuk  Maja Komorowska,polaco,Allan Starski,Zbigniew Kaminski,Karol Szymanowski,Edward Kłosiński,,Bayerischer Rundfunk   Roxy Film  Solaris Film,,,0
Mamá cumple cien años,Carlos Saura,España,1979,Comedia,94,Geraldine Chaplin Fernando Fernán Gómez  Rafaela Aparicio Amparo Muñoz Charo Soriano,Español,Elías Querejeta,Carlos Saura  Rafael Azcona,Luis de Pablo,Teo Escamilla,,,,,0
Moscú no cree en las lágrimas,Vladímir Menshov,la Unión Soviética,1980,"Comedia, drama, romance",148,"Vera Aléntova, Irina Muravyova, Raísa Ryazánova, Oleg Tabakov",Ruso,,Valentín Chernyj,Serguéi Nikitin,Ígor Slabnévich,,Mosfilm,,,1
Bizalom,István Szabó,Hungría,1980,Drama,105,"Ildikó Bánsági, Péter Andorai, Oszkárné Gombik",Húngaro,,István Szabó,Tibor Polgar,Lajos Koltai,,Mafilm,,,0
Kagemusha,Akira Kurosawa,Japón,1980,Drama,159,"Tatsuya Nakadai, Tsutomu Yamazaki, Kenichi Hagiwara, Jinpachi Nezu, Hideji Otaki, Daisuke Ryu, Masayuki Yui, Kaori Momoi",Japonés,"Akira Kurosawa, Francis Ford Coppola, George Lucas20th century Fox","Masato Ide, Akira Kurosawa",Shinichirô Ikebe,Takao SaitôMasaharu Ueda,,,,,0
El último metro,François Truffaut,Francia,1980,"Drama, romántico",131,Catherine Deneuve Gérard Depardieu Heinz Bennent Jean Poiret Andréa Ferréol Paulette Dubost Sabine Haudepin Jean-Louis Richard Maurice Risch Jean-Pierre Klein Richard Bohringer Christian Baltauss László Szabó,francés,François Truffaut,"François Truffaut, Suzanne Schiffman, Jean-Claude Grumberg",Georges Delerue,Néstor Almendros,,Les Films du Carrosse Sédif Productions TF1 Films Production Société Française de Production,,,0
El nido,Jaime de Armiñán,España,1980,Drama,97,"Héctor Alterio, Ana Torrent, Luis Politti, Agustín González, Patricia Adriani, María Luisa Ponte, Mercedes Alonso, Luisa Rodrigo, Amparo BaróOvidi Montllor, Mauricio Calvo",español,,Jaime de Armiñán,,Teo Escamilla,,,,,0
Mefisto,István Szabó,Hungría,1981,Drama,144,"Klaus Maria Brandauer, Krystyna Janda, Ildikó Bánsági",Húngaro,Manfred Durniok,"Péter Dobai, Klaus Mann, István Szabó",Zdenko Tamássy,Lajos Koltai,,,,,1
Das Boot ist voll,Markus Imhoof,Suiza,1981,Drama,101,"Tina Engel, Hans Diehl, Curt Bois, Mathias Gnädinger, Michael Gempart",Alemán,George Reinhart,"Markus Imhoof, Alfred A. Haesler",,Hans Liechti,,,,,0
El hombre de hierro,Andrzej Wajda,Polonia,1981,Drama,153,"Jerzy Radziwiłowicz, Krystyna Janda, Marian Opania​",Polaco,Barbara Pec-Ślesicka,Aleksander Ścibor-Rylski,Andrzej Korzyński,Edward Kłosiński,Wiesława Starska,Zespół Filmowy “X”,,,0
Tres hermanos,Francisco Joaquín Paparella,Argentina,1981,Drama,86,,Español,"Paula Orlando Esteban Lucangioli Francisco Joaquín Paparella, Marcelo Scoccia  Araquen Rodriguez","Lautaro Gimenez Lini, Francisco Joaquín Paparella",,Roman Kasseroller,Marina Claypole,"Ecstasy Cine, Pelicano Cine, Río Azul Films",,,0
Volver a empezar,José Luis Garci,España,1982,Drama,87,"Antonio Ferrandis, Encarna Paso, José Bódalo, Agustín González, Pablo Hoyos, Marta Fernández Muro, Pablo del Hoyo, Alfonso Cabeza, Manuel Vega-Arango",Español,José Luis Merino,"Ángel Llorente, José Luis Garci","Johann Pachelbel, Cole Porter",Manuel Rojas,,Nickelodeon,40000000,190713512,1
Alsino y el cóndor,Miguel Littín,"Nicaragua, México, Cuba, Costa Rica",1982,Drama bélico,89,"Dean Stockwell, Alan Esquivel, Alejandro Parodi",español,"Hernan Littín, Ramiro Lacayo","Miguel Littín, Tomás Pérez Turrent, Isadora Aguirre",Leo Brouwer,"Jorge Herrera, Pablo Martínez",,Instituto Cubano de Arte e Industria Cinematográficos,,,0
Coup de torchon,Bertrand Tavernier,Francia,1982,Comedia,128,"16 personas, Philippe Noiret, Isabelle Huppert, Jean-Pierre Marielle, Stéphane Audran, Daniel Langlet, Eddy Mitchell, François Perrot, Gérard Hernandez, Guy Marchand, Irène Skobline, Jean Champion, Max Ernst, Michel Beaune, Paul Grimault, Raymond Hermantier, Victor Garrivier",Francés,Adolphe Viezzi,"Bertrand Tavernier, Jean Aurenche",Philippe Sarde,Pierre-William Glenn,Jacqueline Moreau,Little Bear,,16500000,0
El vuelo del águila,,,1982,,21,"Manuel Ojeda, Jacqueline Andere, Humberto Zurita, Mariana Levy, Laura Flores, Salvador Sánchez Patricia Reyes Spíndola, Aarón Hernán, Ernesto Gómez Cruz, Alma Delfina, Eugenio Cobo, Claudio Brook, Diana Bracho, Luis Bayardo, Frank Moro, Mario Iván Martínez",,,,,,,,,,0
Vida privada,Yuli Raizman,Unión Soviética,1982,Drama,102,"Mikhail Ulyanov, Iya Savvina, Irina Gubanova, Tatyana Dogileva",Ruso,,"Anatoli Grebnev, Yuli Raizman",Vyacheslav Ganelin,"Emil Gulidov, Valentin Piganov",,Mosfilm,,,0
Fanny y Alexander,Ingmar Bergman,Suecia,1983,Drama,188,"Pernilla Allwin Bertil Guve, Börje Ahlstedt, Harriet Andersson Pernilla August, Mats Bergman, Gunnar Björnstrand, Allan Edwall, Stina Ekblad, Ewa Fröling, Erland Josephson, Jarl Kulle, Käbi Laretei, Mona Malm, Jan MalmsjöChristina Schollin, Anna Bergman",Sueco,Katinka Faragó  Jörn Donner.,Ingmar Bergman,"Daniel Bell Schumann:  Quinteto para piano y cuerda en Mi bemol mayor, op. 44; II: In modo d'una marcia, Britten:  Suites para chelo, op. 72, 80 y 87Chopin:  Marcha fúnebre de la Sonata núm. 2 en Si bemol menor, op. 35",Sven Nykvist,Marik Vos-Lundh,"Cinematograph för Filminstitutet, Sveriges Television-1Gaumont, Personalfilm, Tobis Filmkunst",,6795771,1
Carmen,Carlos Saura,España,1983,Musical,102,"Antonio Gades, Laura del Sol, Paco de Lucía, Pepa Flores, Cristina Hoyos, Juan Antonio Jiménez, José Yepes",Español,Emiliano Piedra,"Carlos Saura, Antonio Gades","Paco de Lucía, Georges Bizet",Teodoro Escamilla,Teresa Nieto,Televisión Española,,,0
Entre nosotras,Diane Kurys,Francia,1983,Drama,110,"Miou-Miou, Isabelle Huppert, Guy Marchand",Francés,Ariel Zeitoun,"Olivier Cohen, Diane Kurys, Alain Le Henry",Luis Enríquez Bacalov,Bernard Lutic,,,,,0
Jób lázadása,"Imre Gyöngyössy, Barna Kabay",Hungría,1983,Drama,94,"Ferenc Zenthe, Hédi Temessy, László Gálffi, Flóra Kádár",Húngaro,,"Imre Gyöngyössy, Katalin Petényi, Barna Kabay",Zoltán Jeney,Gábor Szabó,,,,,0
El baile,Ettore Scola,Francia,1983,Musical,110,"Francesco De Rosa, Rossana Di Lorenzo, Monica Scattini, Marc Berman, Geneviève Rey-Penchenat, Christophe Allwright, Jean-Claude Penchenat, Jean-François Perrier",,"Mohammed Lakhdar-Hamina, Giorgio Silvagni","Ruggero Maccari, Furio Scarpelli, Ettore Scola, Jean-Claude Penchenat",Vladimir Cosma,Ricardo Aronovich,Ezio Altieri,,,,0
La diagonal del loco,Richard Dembo,Suiza,1984,"Drama, Deportes",110,"Michel Piccoli, Leslie Caron, Liv Ullmann, Alexandre Arbatt, Daniel Olbrychski, Michel Aumont, Serge Avedikian, Pierre Michael",Francés,"Arthur Cohn, Martine Marignac",Richard Dembo,Gabriel Yared,Raoul Coutard,Pierre Albert,Arthur Cohn Productions,,,1
Camila,María Luisa Bemberg,Argentina,1984,Histórica,105,"Susú Pecoraro, Imanol Arias, Héctor Alterio",Español,"Lita Stantic, Clara Zappettini","María Luisa Bemberg, Beda Docampo Feijóo, Juan Bautista Stagnaro",Luis María Serra,Fernando Arribas,,,,,0
Sesión continua,José Luis Garci,España,1984,Drama,96,"Adolfo Marsillach, Jesús Puente, Encarna Paso, Emma Suárez, José Bódalo, Víctor Valverde, Yolanda Ríos, Rafael Hernández",Español,José Luis Garci,"José Luis Garci, Horacio Valcárcel",Jesús Gluck,Manuel Rojas,,Nickel Odeon Producciones,70000000,,0
La historia oficial,Luis Puenzo,Argentina,1985,Drama,115,"Norma Aleandro, Héctor Alterio, Chunchuna Villafañe, Hugo Arana, Chela Ruiz, Guillermo Battaglia",Español,"Oscar Kramer, Marcelo Piñeyro","Aída Bortnik, Luis Puenzo","Atilio Stampone, Canción:«El país del nomeacuerdo», de María Elena Walsh",Félix Monti,Ticky García Estévez,"Historias Cinematográficas Cinemania, Progress Communications",,29426,1
Colonel Redl,István Szabó,Austria,1985,Drama,144,"28 personas, Klaus Maria Brandauer, Gudrun Landgrebe, Armin Mueller-Stahl, Hans Christian Blech, Jan Niklas, András Bálint, László Gálffi, Dorottya Udvaros, Károly Eperjes, Flóra Kádár, Péter Andorai, Gábor Ferenczi, Sándor SimóPéter Dobai, Tamás Andor, Can Togay, Edward Żentara, Gyula Gazdag, György Bánffy, Róbert Rátonyi, Pál Sándor, Béla Fáy, Sándor HorváthÁdám Horváth, Lajos Mezey, Teri Tordai, Pál Zolnay, Pálfi Zoltán",Alemán,Manfred Durniok,István SzabóPéter Dobai,Zdenko Tamássy,Lajos Koltai,,"Österreichischer Rundfunk, ZDF",,,0
Trois hommes et un couffin,Coline Serreau,Francia,1985,Comedia,100,"Roland Giraud, Michel Boujenah, André Dussollier, Philippine Leroy-Beaulieu",francés,,Coline Serreau,"Jean-Jacques Bouhon, Jean-Yves Escoffier","Jean-Yves Escoffier, Jean-Jacques Bouhon",,"Flach Films, Soprofilms, TF1",,,0
Papá está en viaje de negocios,Emir Kusturica,Yugoslavia,1985,Comedia,136,"Moreno D'E Bartolli, Miki ManojlovićMirjana KaranovićMustafa NadarevićMira Furlan, Davor DujmovićPredrag LakovićPavle Vujisić",serbocroata,Mirza Pašić,Abdulah Sidran,Zoran Simjanović,Vilko Filač,,Forum Films & Otras,,41184,0
El asalto,Fons Rademakers,Países Bajos,1986,Cine bélico,155,"Derek de Lint, Marc van Uchelen, Monique van de Ven",Neerlandés,Fons Rademakers,"Harry Mulisch, Gerard Soeteman",Jurriaan Andriessen,Theo van de Sande,,The Cannon Group,,,1
Betty Blue,Jean-Jacques Beineix,Francia,1986,Drama,120,"Jean-Hugues Anglade, Béatrice Dalle, Gérard Darmon, Consuelo De Haviland, Jacques Mathou, Clémentine Célarié",Francés,"Jean-Jacques Beineix, Claudie Ossard","Philippe Djian, Jean-Jacques Beineix","Gabriel Yared, Contiene obras de Franz Schubert",Jean-François Robin,Elisabeth Tavernier,"Gaumont, Cargo Films",,,0
El declive del imperio americano,Denys Arcand,Canadá,1986,Comedia/drama,101,"Dominique Michel, Dorothée Berryman, Louise Portal, Pierre Curzi, Rémy Girard",francésinglés,"René Malo, Roger Frappier",Denys Arcand,François Dompierre,Guy Dufaux,Denis Sperdouklis,National Film Board of Canada,,,0
El festín de Babette,Gabriel Axel,Dinamarca,1987,Drama,102,"Stéphane Audran, Birgitte Federspiel, Bodil Kjer",danésfrancéssueco,"Just Betzer, Bo Christensen, Benni Korzen, Pernille Siesbye","Gabriel Axel, Karen Blixen",Per Nørgård,Henning Kristiansen,,Nordisk Film,,,1
"Adiós, muchachos",Louis Malle,Francia,1987,Drama,104,"Gaspard Manesse, Rapahel FetjöPhilippe Morier-Genoud, Francine Racette",francés,Louis Malle,Louis Malle,"Franz Schubert, Camille Saint-Saëns",Renato Berta,Corinne Jorry,,,,0
Asignatura aprobada,José Luis Garci,España,1987,Drama,85,"Jesús Puente, Victoria Vera, Teresa Gimpera, Eduardo Hoyo, Pastor Serrador, Ana Rosa Quintana",Español,José Luis Garci,"José Luis Garci, Horacio Valcárcel","Jesús Gluck, Johann Strauss",Manuel Rojas,,Nickel Odeon Dos,150000000,,0
La familia,Ettore Scola,Italia,1987,Drama,137,"Vittorio Gassman, Stefania Sandrelli, Fanny Ardant, Sergio Castellitto, Athina Cenci, Jo Champa",Italiano,Franco Committeri,"Ruggero Maccari, Ettore Scola, Furio Scarpelli",Armando Trovajoli,Ricardo Aronovich,Gabriella Pescucci,Cinecittà,,,0
Pathfinder,Nils Gaup,Noruega,1987,Aventuras,83,"Nils-Aslak ValkeapääMikkel Gaup, Helgi Skúlason, Sverre Porsanger, Svein Scharffenberg, Nils Utsi, Sara Marit Gaup, Inger Elin Utsi",Sami septentrional,John M. Jacobsen,Nils Gaup,Nils-Aslak Valkeapää,Erling Andersen Thurmann,,"Norsk Film, Norway Film Development Company, Filmkameratene, Mayco AS",,,0
Pelle el conquistador,Bille August,"Suecia, Dinamarca",1988,Drama,157,"Pelle Hvenegaard, Max von Sydow, Erik Paaske, Bjorn Granath, Astrid Villaume, Axel Strobye, Troels Asmussen, Kristina Torquins, Karen Wagener, Sofie Gråbøl, Lars Simonen, Buster Larsen, John Witting, Troels Munk, Nils Bank-Mikkelsen, Lena-Pia Bernardsson, Anna Lise Hirsch, Vilheln Weber, Merete Holst Hansen, Morgens Dester, Tine Stocholm",Sueco,Per Holst,"Martin Andersen NexøBille August, Per Olov Enquist, Bjarne Reuter",Stefan Nilsson,Jörgen Persson,Kiki Llander,"Svensk Filmindustri, Per Holst Filmproduktion, Odyssey Entertainment",,,1
Hanussen,István Szabó,Hungría,1988,Drama,140,"Klaus Maria Brandauer, Erland Josephson, Walter Schmidinger",Húngaro,Artur Brauner,"Péter Dobai, István Szabó",György Vukán,Lajos Koltai,Nelly Vágó,,59701,82635,0
Salaam Bombay!,Mira Nair,"India, Francia, Reino Unido",1988,Drama,113,"Shafiq Syed, Hansa Vithal, Chanda Sharma, Raghuvir Yadav, Anita Kanwar y Nana Patekar",Hindi,Mira Nair,Mira Nair y Sooni Taraporevala,L. Subramaniam,Sandi Sissel,,"Mirabai Films, NFDC, Doordarshan, Forum Films",,,0
Mujeres al borde de un ataque de nervios,Pedro Almodóvar,España,1988,Comedia,88,"Carmen Maura, Antonio Banderas, Julieta Serrano, María Barranco, Rossy de Palma, Chus Lampreave, Kiti Mánver",Español,Agustín Almodóvar y Antonio Llorens,Pedro Almodóvar,Bernardo Bonezzi,José Luis Alcaine,José María Cossío,El Deseo,,,0
Cinema Paradiso,Giuseppe Tornatore,Italia,1989,Melodrama,155,"Philippe Noiret, Salvatore Cascio, Marco Leonardi, Antonella Attili, Jacques Perrin, Agnese Nano, Brigitte Fosey",Italiano,Franco Cristaldi  Giovanna Romagnoli,Giuseppe Tornatore,Ennio Morricone Andrea Morricone,Blasco Giurato,Beatrice Bulgari,Ariane Films,,13019063,1
Camille Claudel,Bruno Nuytten,Francia,1989,Drama,175,"Isabelle Adjani, Gérard Depardieu",Francés,"Isabelle Adjani, Christian Fechner","Bruno Nuytten, Marilyn Goldin","Claude Debussy, Música original:Gabriel Yared",Pierre Lhomme,Dominique Borg,,,,0
Jesús de Montreal,Denys Arcand,Canadá,1989,Drama,118,Lothaire Bluteau Catherine Wilkening Johanne-Marie Tremblay,Francés,Monique Létourneau,Denys Arcand,Jean-Marie Benoît,Isabelle Dedieu,Louise Jobin,Max Films,,,0
Lo que le pasó a Santiago,Jacobo Morales,Puerto Rico,1989,Comedia,105,"Tommy Muñiz, Gladys Rodríguez, Johanna Rosaly, René Monclova",Español,Blanca Silvia Eró  Pedro Muñiz,Jacobo Morales,Pedro Rivera Toledo,,,,,,0
Viaje a la esperanza,Xavier Koller,Suiza,1990,Drama,110,"Necmettin Cobanoglu, Nur Sürer, Emin Sivas, Yaman Okay, Mathias Gnädinger, Dietmar Schönherr",Turco,"Peter-Christian Fueter, Alfi Sinniger","Feride Çiçekoğlu, Xavier Koller",Nana Vasconcelos,"Elemér Ragályi, Galip Iyitanir",,"Beyond Films, Premium Films",,,1
Cyrano de Bergerac,Jean-Paul Rappeneau,Francia,1990,Comedia,135,"Gérard Depardieu, Anne Brochet, Vincent Pérez, Jacques Weber, Pierre Maguelon, Ludivine Sagnier, Sandrine Kiberlain",Francés,"René Cleitman, Michel Seydoux","Jean-Claude Carrière, Jean-Paul Rappeneau",Jean-Claude Petit,Pierre Lhomme,Franca Squarciapino,Hachette Première et Cie,,,0
Ju Dou,Zhang Yimou,República Popular China,1990,Drama,95,"Gong Li, Li Baotian, Li Wei",Chino mandarín,"Zhang Wenze, Yasuyoshi Tokuma, Hu Jian",Liu Heng,Zhao Jiping,Gu Changwei,,China Film Group Corporation,,1986433,0
Mediterráneo,Gabriele Salvatores,Italia,1991,Comedia,96,"Diego Abatantuono, Claudio Bigagli, Giuseppe Cederna, Claudio Bisio",italianoinglésgriegoturco,"Silvio Berlusconi, Mario Cecchi Gori, Vittorio Cecchi Gori, Gianni Minervini",Enzo Monteleone,"Giancarlo Bigazzi, Marco Falagiani",Italo Petriccione,,"Medusa Film, Silvio Berlusconi Communications",,,1
Oxen,Sven Nykvist,Suecia,1991,Drama,92,"Stellan Skarsgård, Max von Sydow, Liv Ullmann, Erland Josephson, Ewa Fröling, Lennart Hjulström, Björn Granath, Rikard Wolff, Helge Jordal, Agneta Prytz",Sueco,Jean Doumanian,Sven Nykvist,Luboš Fišer,Sven Nykvist,,"Nordisk Film, Nordisk Film & TV Fond",,,0
Dà Hóng Dēnglóng Gāogāo Guà,Zhang Yimou,China,1991,Drama,125,Gong Li,Chino mandarín,Fu-Sheng Chiu,"Su Tong, Ni Zhen",Zhao Jiping,Zhao Fei,Huamiao Tong,Century Communications,,2603061,0
Indochina,Régis  Wargnier,Francia,1992,Drama y romance,148,"Catherine Deneuve, Vincent Perez",Francés,Eric Heumann Jean Labadie,"Erik Orsenna, Louis Gardel, Catherine Cohen, Régis Wargnier",Patrick Doyle,François Catonné,Piérre Yves Gayraud,,,,1
"Urga, el territorio del amor",Nikita Mijalkov,URSS y Francia,1992,Drama,120,"Nikita Mijalkov, Larisa Andreevna Koeznetsova, Vladimir Gostyukhin, Badema, Bayaertu",Ruso,Michel Seydoux,"Rustam Ibrahimbeyov, Nikita Mijalkov",Eduard Artémiev,Vilen Kalyuta,,,,,0
Daens,Stijn Coninx,"Bélgica, Francia, Países Bajos",1992,Drama histórico,138,"Jan Decleir, Gérard Desarthe, Antje de Boeck, Michael Pas",neerlandésfrancéslatínespañol,"Dirk Impens, Jean-Luc Ormières, Maria Peters, Hans Pos, Dave Schram  +","Louis Paul Boon, François Chevallier, Stijn Coninx, Addy Weijers",Dirk Brossé,Walther van den Ende,,,,,0
Un lugar en el mundo,Adolfo Aristarain,Argentina,1992,Drama,120,"José Sacristán, Federico Luppi, Cecilia Roth, Leonor Benedetto, Gastón Batyi, Lorena del Río, Rodolfo Ranni, Hugo Arana, Mariano Ortega",Español,"Adolfo Aristarain, Isidro Miguel, Osvaldo Papaleo","Adolfo Aristarain, Kathy Saavedra, Alberto Lecchi",Emilio Kauderer,Ricardo de Angelis,,,,,0
Belle Époque,Fernando Trueba,España,1993,Comedia romántica,108,"Ariadna Gil, Penélope Cruz, Maribel VerdúMiriam Díaz-Aroca, Jorge Sanz, Fernando Fernán Gómez, Gabino Diego, Agustín González, Chus Lampreave, Mary Carmen Ramírez",Español,Andrés Vicente Gómez,Rafael Azcona,Antoine Duhamel,José Luis Alcaine,Lala Huete,"Fernando Trueba PCLolafilms, Animatógrafo, French Production",,,1
Adiós a mi concubina,Chen Kaige,China,1993,Drama,171,"Leslie Cheung, Zhang Fengyi, Gong Li",Chino mandarín,Feng Hsu,"Lillian Lee, Lei Bik-Wa, Wei Lu",Zhao Ji-ping,Gu Changwei,Chen Chang-min,Beijing Film Studio,,6122607,0
El olor de la papaya verde,Trần Anh Hùng,Francia,1993,Drama,104,"Nu Yên-Khê Tran, Man San Lu, Thi Loc Truong, Anh Hoa Nguyen, Hoa Hoi Vuong, Ngoc Trung Tran, Vantha Talisman, Keo Souvannavong, Van Oanh Nguyen, Gerard Neth, Nhat Do, Thi Hai Vo, Thi Thanh Tra Nguyen",Vietnamita,Christophe Rossignon,Trần Anh Hùng,Tôn-Thât Tiêt,Benoît Delhomme,,,1700992,,0
El banquete de bodas,Ang Lee,"Taiwán, Estados Unidos",1993,Comedia,106,"Dion Birney, Jeanne Kuo Chang, Winston Chao, May Chin, Ah Lei Gua, Sihung Lung, Mitchell Lichtenstein",chino mandaríninglés,"Ang Lee, Ted Hope, James Schamus","Ang Lee, Neil Peng, James Schamus",Mader,Lin Jong,,Good Machine,,,0
Quemado por el sol,Nikita Mijalkov,Rusia,1994,Drama,152,"Oleg Ménshikov, Nikita Mijalkov, Ingeborga DapkūnaitėNadezhda Mijalkova",Ruso,"Nikita Mijalkov, Michel Seydoux","Rustam Ibraguimbékov, Nikita Mijalkov",Eduard Artémiev,Vilen Kalyuta,,"Tri, Te",2800000,,1
Antes de la lluvia,Milcho Manchevski,Macedonia del Norte,1994,Drama,113,"Katrin Cartlidge, Rade Šerbedžija, Phyllida Law, Grégoire Colin, Labina Mitevska, Meto Jovanovski, Daniel Newman, Jay Villiers",Inglés,"Judy Counihan, Cédomir Kolar, Sam Taylor, Cat Villiers",Milcho Manchevski,Anastasia,Manuel Mier y Terán,,"Noé Productions, Aim Rain Limited, Vardar Film",,,0
"Comer, beber, amar",Ang Lee,Taiwán,1994,"Comedia, romance, drama",123,"Lung Sihung, Wang Yu-wen, Wu Chien-lien, Yang Kuei-mei",Chino mandarín,"Kong Hsu, Li-Kong Hsu, Feng-Chyt Jiang","Ang Lee, James Schamus, Hui-Ling Wang",,Lin Jong,,,,24200000,0
Farinelli,Gérard Corbiau,Italia,1994,drama,111,"Stefano Dionisi, Enrico Lo Verso, Elsa Zylberstein",Italiano,Walther van den Ende,"Marcel Beaulieu, Andrée Corbiau, Gérard Corbiau",Christophe Rousset,Walther van den Ende,"Olga Berluti, Anne de Laugardière",,,,0
Fresa y chocolate,Tomás Gutiérrez Alea,,1994,Drama,108,"Jorge Perugorría, Vladimir Cruz, Mirtha Ibarra",español,Fernando Pérez O'Reilly,Senel Paz,José María Vitier,Mario García Joya,,,,,0
Antonia's Line,Marleen Gorris,Holanda,1995,Comedia,102,"Willeke van Ammelrooy, Els Dottermans, Victor Löw",Holandés,"Gerard Cornelisse, Hans De Weers, Hans de Wolf",Marleen Gorris,Ilona Sekacz,Willy Stassen,,,,,1
El cuarteto,Dustin Hoffman,Reino Unido,1995,Comedia,98,Maggie Smith Tom Courtenay  Billy Connolly  Pauline Collins  Michael Gambon,Inglés,Finola Dwyer  Stewart Mackinnon,Ronald Harwood,Dario Marianelli,John de Borman,,BBC Films,11000000,,0
L'uomo delle stelle,Giuseppe Tornatore,Italia,1995,Drama,113,"Sergio Castellitto, Tiziana Lodato",Italiano,Rita Cecchi Gori  Vittorio Cecchi Gori,Fabio Rinaudo  Giuseppe Tornatore,Ennio Morricone,Dante Spinotti,Beatrice Bordone,Cecchi Gori Group Tiger Cinematografica,,,0
Kolya,Jan Svěrák,República Checa,1996,Comedia dramática,105,"Zdeněk Svěrák, Andrej Chalimon, Libuše ŠafránkováOndřej VetchýStella ZázvorkováLadislav Smoljak",Checo,"Eric Abraham, Jan Svěrák","Pavel Taussig, Zdeněk Svěrák",Ondřej Soukup,Vladimír Smutný,Katarina Hollá,"Biograf Jan Svěrák, Portobello Pictures",,,1
El prisionero de las montañas,Sergéi Bodrov,Rusia,1996,Drama,98,"Oleg Menshikov Sergei Bodrov, Jr. Dzhemal Sikharulidze, Susanna Mekhralieva",rusoárabe,Boris Giller,"Boris Giller, Arif Aliyev, Sergei Bodrov",Leonid Desyatnikov,Pavel Lebeshev,,BG Productions,,661361,0
Ridicule,Patrice Leconte,Francia,1996,Comedia,102,"Charles Berling, Jean Rochefort, Fanny Ardant, Judith Godreche",francés,"Frédéric Brillion, Philippe Carcassonne, Gilles Legrand","Rémi Waterhouse, Michel Fessler, Eric Vicaut",Antoine Duhamel,Thierry Arbogast,Christian Gasc,,50000000,,0
Carácter,Mike van Diem,Países Bajos,1997,Drama,122,"Jan Decleir, Jonathan Maxwell Reeves, Fedja van Huêt, Victor Löw",Alemán,Laurens Geels,"Ferdinand Bordewijk, Mike van Diem",Paleis van Boem,Rogier Stoffers,,,,,1
Jenseits der Stille,Caroline Link,Alemania,1997,Drama,112,"Sylvie Testud, Howie Seago, Emmanuelle Laborit, Sibylle Canonica, Matthias Habich, Alexandra Bolz, Birge Schade",Alemán,"Jakob Claussen, Thomas Wöbke, Luggi Waldleitner","Caroline Link, Beth Serlin",Niki Reiser,Gernot Roll,Katharina von Martius,"Claussen & Wöbke Filmproduktion, Roxy Film",,,0
Cuatro días de septiembre,Bruno Barreto,"Brasil, Estados Unidos",1997,acción,110,"Claudia Abreu, Pedro Cardoso, Luis Fernando Guimaraes, Alan Arkin, Nelson Dantas, Fernanda Torres",portuguésinglés,"Lucy Barreto, Luiz Carlos Barreto","Leopoldo Serran, Fernando Gabeira","Stewart Copeland, Pietro Mascagni",Félix Monti,Emilia Duncan,,,1800000,0
Secretos del corazón,Montxo Armendáriz,España,1997,Drama,105,"Carmelo Gómez, Andoni Erburu, Charo López, Sílvia Munt  Joan Dalmau",Español,"Imanol Uribe, Andrés Santana",Montxo Armendáriz,Bingen Mendizabal,Javier Aguirresarobe,,Aiete Films y Ariane Films,1727000,,0
Vor: el ladrón,Pável Chujrái,Rusia,1997,Crímenes,96,"Vladimir Mashkov, Yekaterina Rednikova, Mikhail Filipchuk, Yury Belyayev",Ruso,"Igor Tolstunov, Sergey Kozlov",Pável Chujrái,Vladimir Dashkevich,Vladimir Klimov,Natalya Moneva,"NTV-Profit, Roissy Films, Productions Le Pont",,,0
La vida es bella,Roberto Benigni,Italia,1998,Drama,116,"Roberto Benigni Nicoletta Braschi, Giorgio Cantarini",Italiano,"Elda Ferri, Gianluigi Braschi","Roberto Benigni, Vincenzo Cerami","Nicola Piovani, Jacques Offenbach",Tonino Delli Colli,Danilo Donati,"Melampo Cinematografica, Cecchi Gori Group, Miramax",20000000,229163264,1
Central do Brasil,Walter Salles,"Brasil, Francia",1998,Drama,115,"Fernanda Montenegro, Marília Pêra Vinicius de Oliveira, Soia Lira","Portugués, Alemán",Videofilmes - MACT Productions,"Joáo Emanuel Carneiro, Marcos Bernstein","Antonio Pinto, Jaques Morelenbaum",Walter Carvalho,,,,22000000,0
Bacheha-Ye aseman,Majid Majidi,Irán,1998,drama,89,Amir Farrokh Hashemian Bahare Seddiqi,persa,Amir Esfandiari y Mohammad Esfandiari,Majid Majidi,,Parviz Malekzaade,,,150000,1628579,0
El abuelo,José Luis Garci,España,1998,Drama,146,"Fernando Fernán Gómez, Rafael Alonso, Cayetana Guillén Cuervo, Agustín González, Cristina Cruz Mínguez, Alicia Rozas, Fernando Guillén, Francisco Algora, Emma Cohen, María Massip, Antonio Valero, Francisco Piquer",Español,José Luis Garci,"José Luis Garci, Horacio Valcárcel",Manuel Balboa,Raúl Pérez Cubero,Gumersindo Andrés López,,,,0
Tango,Carlos Saura,España,1998,Musical,115,"25 personas, Miguel Ángel SoláCecilia Narova, Mía Maestro, Juan Carlos Copes, Carlos Rivarola, Sandra Ballesteros, Oscar Cardozo Ocampo, Enrique Pinti, Julio Bocca, Juan Luis Galiardo, Martín Seefeld, Néstor Marconi, Juanjo Domínguez, Horacio Salgán, Ubaldo de Lío, Antonio Agri, Sebastián Arce, Eduardo Cutuli, Mabel Pesen, Ricardo Díaz Mourelle, Julio Marticorena, Nora Zinski, Elvira Onetto, Cynthia Avila, Jorge Dorio",Español,Carlos Mentasti Luis A. Scalella,Carlos Saura,Lalo Schifrin,Vittorio Storaro,Beatriz De Benedetto,"Argentina Sono Film, Adela Pictures, Alma Ata International Pictures S.L.Hollywood Partners",4685408,1687311,0
Todo sobre mi madre,Pedro Almodóvar,España,1999,Comedia dramática,101,"Cecilia Roth, Marisa Paredes, Candela Peña, Antonia San Juan, Penélope Cruz",Español,"Pedro Almodóvar, Agustín Almodóvar",Pedro Almodóvar,Alberto Iglesias,Affonso Beato,Bina Daigeler,"El Deseo, Renn Productions, France 2 Cinéma, Vía Digital",4000000,67872296,1
La vida prometida,Olivier Dahan,Francia,1999,Drama,,"12 personas, Isabelle Huppert, Pascal Greggory, Maud Forget, Fabienne Babe, André Marcon, Abdelkader, Denis Braccini, Frédéric Maranber, Irène Ismaïloff, Janine Souchon, Louis-Do de Lencquesaing, Volker Marek",Francés,,,,,Gigi Lepage,,,,0
Wò hǔ cáng lóng,Ang Lee,"Taiwán, Hong Kong, China, Estados Unidos",2000,Wuxia,120,"Chow Yun-Fat, Michelle Yeoh, Zhang Ziyi, Chang Chen, Cheng Pei-pei",chino mandarín,"Li-Kong Hsu, William Kong, Ang Lee","Hui-Ling Wang, James Schamus, Kuo Jung Tsai, Wang Du Lu",Tan Dun,Peter Pau,Timmy Yip,"Columbia Pictures, Tri, Star Pictures",17000000,213500000,1
Amores Perros,Alejandro González Iñárritu,México,2000,Drama,154,"Emilio Echevarría, Gael García Bernal, Goya ToledoÁlvaro Guerrero",Español,Alejandro González Iñárritu,Guillermo Arriaga,Gustavo Santaolalla,Rodrigo Prieto,Gabriela Diaque,"Altavista Films, Zeta Films",2400000,20908467,0
Para todos los gustos,Agnès Jaoui,Francia,2000,Comedia dramática,112,"Agnès Jaoui, Jean-Pierre Bacri, Anne Alvaro, Alain Chabat, Gérard Lanvin, Brigitte Catillon, Christiane Millet",Francés,"Christian Bérard, Charles Gassot","Agnès Jaoui, Jean-Pierre Bacri",,Laurent Dailland,Jackie Budin,"Téléma, Les Films A4France 2 Cinéma",9000000,23600000,0
En tierra de nadie,Danis Tanović,"Bosnia y Herzegovina, Eslovenia, Bélgica, Francia, Italia, Reino Unido",2001,Bélico,98,"Branko Djuric, Rene Bitorajac, Filip Sovagovic, Katrin Cartlidge, Simon Callow, Serge-Henri Valche, Georges Siatidis","Bosnio, Serbio, Croata, Francés, Inglés, Alemán","Cédomir Kolar, Marc Baschet, Frédérique Dumas-Zajdela",Danis Tanović,Danis Tanović,Walther Vanden Ende,,"Fabrica, Man's Films, Studio Maj",14000000,,1
Amélie,Jean-Pierre Jeunet,Francia,2001,Comedia,122,"Audrey Tautou, Mathieu Kassovitz, Rufus, Lorella Cravotta",Francés,"Claudie Ossard, Arne Meerkamp van Embden",Guillaume Laurant,Yann Tiersen,Bruno Delbonnel,Madeline Fontaine,"Claudie Ossard Productions, Union Générale Cinématographique",77000000,174605902,0
Elling,Petter Naess,Noruega,2001,Comedia dramática,89,"Per Christian Ellefsen, Sven Nordin, Marit Pia Jacobsen, Jørgen Langhelle, Per Christensen",Noruego,Dag Alveberg,Axel Hellstenius,Lars Lillo-Stenberg,Svein Krøvel,,"Maipo Film- og TV Produksjon, TNT Film Productions",,,0
Lagaan,Ashutosh Gowariker,India,2001,"Drama, Musical.",224,"Aamir Khan, Paul Blackthorne",Hindi,"Aamir Khan, Jhamu Sughand","Ashutosh Gowariker, Kumar Dave, Sanjay Dayma, K. P. Saxena",A. R. Rahman,Anil Mehta,,Aamir Khan Productions,250000000,,0
El hijo de la novia,Juan José Campanella,Argentina,2001,"Drama, romance",123,"Ricardo Darín, Héctor Alterio, Norma Aleandro, Natalia Verbeke, Eduardo Blanco",español,Adrián Suar,Juan José Campanella  Fernando Castets,Ángel Illarramendi  Iván Wyszogrod,Daniel Shulman,Cecilia Monti,Patagonik Film Group,2000000,8597323,0
Nirgendwo in Afrika,Caroline Link,Alemania,2002,Drama,141,"Juliane Köhler, Merab Ninidze",alemáningléssuajili,Peter Herrmann,"Caroline Link, Stefanie Zweig",Niki Reiser,Gernot Roll,Barbara Grupp,"MTM Medien & Television München, Constantin Film, Bavaria Film, Media Cooperation One",7000000,,1
El crimen del padre Amaro,Carlos Carrera,México,2002,Drama,118,"Gael García Bernal, Ana Claudia Talancón, Sancho Gracia, Angélica Aragón, Luisa Huertas, Pedro Armendáriz Jr.Ernesto Gómez Cruz, Gastón Melo, Damián Alcázar",Español,"Daniel Birman Ripstein, Alfredo Ripstein",Vicente Leñero,Rosino Serrano,Guillermo Granillo,María Estela Fernández,"Alameda Films, Artcam International, Blu Films, FOPROCINE",20870896000000,283642624000000,0
Hero,Zhang Yimou,China,2002,Drama,99,"Jet Li, Tony Leung Chiu Wai, Maggie Cheung, Zhang Ziyi, Chen Daoming, Donnie Yen",Chino mandarín,Zhang Yimou,"Feng Li, Bin Wang, Zhang Yimou",Tan Dun,Christopher Doyle,Emi Wada,Sil-Metropole Organisation,,177395557,0
Un hombre sin pasado,Aki Kaurismäki,"Finlandia, Alemania, Francia",2002,Drama,93,"Markku Peltola, Kati Outinen, Annikki Tähti, Juhani NiemeläKaija Pakarinen",Finés,Aki Kaurismäki,Aki Kaurismäki,Leevi Madetoja,Timo Salminen,Outi Harjupatana,Sputnik Oy,,9564237,0
Zus & Zo,Paula van der Oest,Países Bajos,2002,Comedia romántica,106,"17 personas, Monic Hendrickx, Jacob Derwig, Halina Reijn, Anneke Blok, Theu Boermans, Annet Nieuwenhuyzen, Mike Reus, Marisa van Eyle, Lineke Rijxman, Annet Malherbe, Josine van Dalsum, Jappe Claes, Lore Dijkman, Marnie Blok, Johan Ooms, Marie Louise Stheins, Harry van Rijthoven",Neerlandés,,Paula van der Oest,Fons Merkies,,,,,,0
Las invasiones bárbaras,Denys Arcand,CanadáFrancia,2003,Drama,99,"Rémy Girard, Stéphane Rousseau, Dorothée Berryman, Marie-Josée Croze, Louise Portal",Francés,"Daniel Louis, Denys Robert",Denys Arcand,Pierre Aviat,Guy Dufaux,Denis Sperdouklis,Canal+Canadian Film Development Corporation,5000000,,1
Ondskan,Mikael Håfström,"Suecia, Dinamarca",2003,Drama,114,Andreas Wilson  Linda Zilliacus  Henrik Lundström  Gustaf Skarsgård  Jesper Salén,"Sueco, Finlandés",,"Mikael Håfström, Hans Gunnarsson",Francis Shaw,Peter Mokrosinski,,,20000000,,0
El ocaso del samurái,Yôji Yamada,Japón,2003,Drama,129,Hiroyuki Sanada Rie Miyazawa Nenji Kobayashi Ren Osugi Reiko Kusamura Min Tanaka Tetsuro Tamba,Japonés,,Yôji Yamada Yoshitaka Asama,Isao Tomita,Mutsuo Naganuma,,Shochiku Films,,7372769,0
Mar adentro,Alejandro Amenábar,"España, Italia, Francia",2004,"Drama, Biográfica",125,"Javier Bardem, Belén Rueda, Lola Dueñas, Mabel Rivera, Celso Bugallo","Español, Gallego, Catalán","Fernando Bovaira, Alejandro Amenábar","Alejandro Amenábar, Mateo Gil","Alejandro Amenábar, Carlos Núñez",Javier Aguirresarobe,Sonia Grande,"Fine Line Features, New Line Cinema, Sogecine, Sogepaq, Himenóptero, Televisión Española, Canal+",10000000,1983747283,1
As It Is in Heaven,Kay Pollak,Suecia,2004,drama,132,"Michael Nyqvist, Frida Hallgren, Helen Sjöholm",suecoinglés,"Anders Birkeland, Göran Lindström","Kay Pollak, Ola Olsson, Carin Pollak, Margaretha Pollak, Anders Nyberg",Stefan Nilsson,Harald Paalgard,,"GF Studios, Sonet Film",,,0
Les Choristes,Christophe Barratier,Francia,2004,Drama,1,"Gérard Jugnot, Jean-Baptiste Maunier, François Berléand, Jacques Perrin, Maxence Perrin",Francés,"Arthur Cohn, Jacques Perrin, Gérard Jugnot","Christophe Barratier, Philippe Lopes-Curval","Bruno Coulais, Christophe Barratier","Carlo Varini, Dominique Gentil",,Galatée Films  Pathé Renn Productions  France 2 Cinéma  Novo Arturo Films,,,0
Der Untergang,Oliver Hirschbiegel,Alemania,2004,Bélico,156,"Bruno Ganz, Alexandra Maria Lara, Corinna Harfouch, Ulrich Matthes, Juliane Köhler, Heino Ferch, Christian Berkel, Thomas Kretschmann",Alemán,Bernd Eichinger,Bernd Eichinger,Stephan Zacharias,Rainer Klausmann,,Newmarket Capital Group,13500000,92180910,0
Yesterday,Darrell Roodt,Sudáfrica,2004,Ficción,96,"Leleti Khumalo, Lihle Mvelase Kenneth Kambule, Harriet Lehabe, Camilla Walker",Zulú,Videovision Entertainment,Darrell James Roodt,"Mpahleni Latozi, Smiles Makhama , The Beatles",Michael Brierley,,,,,0
Tsotsi,Gavin Hood,"Sudáfrica, Reino Unido",2005,Drama,94,Presley Chweneyagae,"isi, Zulu",Peter Fudakowski,Gavin Hood,"Vusi Mahlasela, Mark Kilian, Paul Hepker",Lance Gewer,,,3000000,9879971,1
Joyeux Noël,Christian Carion,Francia,2005,"Drama, historia, guerra",115,"Daniel Brühl, Guillaume Canet, Diane Kruger, Benno Fürmann, Gary Lewis, Bernard Le Coq, Suzanne Flon, Andy Serkis, Natalie Dessay, Rolando Villazón, Ignacio Soto",francés,Christopher Rossignon,Christian Carion,Philipe Rombi,Walter Vande Ende,,,,,0
Paradise Now,Hany Abu-Assad,"Israel, Francia, Alemania, Palestina, Países Bajos",2005,Drama,90,"Kais Nashef, Ali Suliman, Lubna Azabal, Amer Hlehel, Hiam Abbass",árabeinglés,Bero Beyer,"Hany Abu-Assad, Bero Beyer, Pierre Hodgson",,Antoine Héberlé,Walid Maw'ed,"Augustus Film, Lama Films, Razor Film, Lumen Films, Hazaza, HArte France Cinéma",,,0
Sophie Scholl - Los últimos días,Marc Rothemund,Alemania,2005,Drama,120,"Julia Jentsch, Fabian Hinrichs",Alemán,"Fred Breinersdorfer Sven Burgemeister, Christoph Müller Marc Rothermund",Fred Breinersdorfer,"Reinhold Heil, Johnny Klimek",Martin Langer,,"Goldkind Film, Broth Film, Bayerischer Rundfunk, Südwestrundfunk, Arte",,,0
La vida de los otros,Florian Henckel von Donnersmarck,Alemania,2006,Drama,137,"Ulrich Mühe Martina Gedeck Sebastian Koch, Ulrich Tukur",alemán,"Quirin Berg, Max Wiedemann, Dirk Hamm",Florian Henckel von Donnersmarck,Gabriel Yared Stéphane Moucha,Hagen Bogdanski,,"Wiedemann & Berg, Bayerischer Rundfunk, ARTECreado Film",2000000,,1
Después de la boda,Susanne Bier,"Dinamarca, Suecia",2006,Drama,120,Mads Mikkelsen  Sidse Babett Knudsen,Inglés,Sisse Graum Olsen,"Susanne Bier, Anders Thomas Jensen",Johan Söderqvist,Morten Søborg,,"Zentropa, After the Wedding, Sigma Films",,,0
Indigènes,Rachid Bouchareb,"Argelia, Francia, Marruecos, Bélgica",2006,Bélica,120,"Jamel Debbouze, Samy Nacéri, Sami Bouajila, Roschdy Zem, Bernard Blancan, Mathieu Simonet, Benoît Giros, Mélanie Laurent",francésárabe,"Jean Bréhat, Alexandre Lippens","Rachid Bouchareb, Olivier Lorelle",Armand Amar,Patrick Blossier,,Tessalit Productions,,,0
El laberinto del fauno,Guillermo del Toro,España,2006,Drama,119,"Ivana Baquero, Sergi López, Maribel VerdúDoug Jones",Español,"Bertha Navarro, Alfonso Cuarón, Frida TorresblancoÁlvaro Agustín",Guillermo del Toro,Javier Navarrete,Guillermo Navarro,Lala Huete,"Estudios Picasso, Wild Bunch, Telecinco, Tequila Gang, Esperanto Filmoj, Cafe FXICAA",13500000,87041569,0
Agua,Deepa Mehta,"India, Canadá",2006,Drama-romance,114,"Seema Biswas, Lisa Ray, John Abraham, Sarala Kariyawasam, Manorama",Hindi,David Hamilton,"Diipa Mehta, Anurag Kashyap","Mychael Danna, A. R. Rahman",Giles Nuttgens,,,,,0
Los falsificadores,Stefan Ruzowitzky,"Austria, Alemania",2007,"Policiaco, drama, bélico",95,Karl Markovics August Diehl Devid Striesow Martin Brambach August Zirner Veit Stübner Sebastian Urzendowsky Andreas Schmidt,alemán,Josef Aichholzer Nina Bohlmann Babette Schröder,Stefan Ruzowitzky.  Basado en la novela The Devil's Workshop de Adolf Burger,Marius Ruhland Hugo Díaz,Benedict Neuenfels,,Magnolia Filmproduktion Babelsberg Film Beta Cinema Filmförderung Hamburg Josef Aichholzer Filmproduktion Studio Babelsberg Motion Pictures Zweites Deutsches Fernsehen,,,1
Katyn,Andrzej Wajda,Polonia,2007,Cine bélico,115,"Maja Ostaszewska, Artur Żmijewski, Paweł Małaszyński",polaco,Michał Kwieciński,"Andrzej Mularczyk, Andrzej Wajda, Przemysław Nowakowski",Krzysztof Penderecki,Paweł Edelman,Magdalena Biedrzycka,,,15000000,0
Mongol,Sergéi Bodrov,Rusia,2007,Drama,126,"Tadanobu Asano Honglei Sun Khulan Chuluun, Aliya, Ba Sen, Amadu Mamadakov, He Qi, Ben Hon Sun",Mongol,"Sergei Selyanov, Sergéi Bodrov, Anton Melnik","Arif Aliyev, Sergéi Bodrov",Tuomas Kantelinen Altan Urag,"Sergey Trofimov, Rogier Stoffers",Emi Wada,"Kinokompaniya CTBAndreevski Flag, X-Filme Creative Pool",18000000,26403998,0
12,Nikita Mijalkov,Rusia,2007,Policíaca,159,"Serguéi Makovetski, Nikita Mijalkov, Serguéi Garmash, Valentín Gaft, Alekséi Petrenko, Yuri Stoyanov, Serguéi Gazarov, Mijaíl Yefremov, Alekséi Gorbunov, Serguéi Artsybashev, Víktor Verzhbitski, Roman Madianov, Aleksandr Adabashyan, Apti Magamayev","Ruso, Checheno","Nikita Mijalkov, Leonid Vereschaguin","Reginald Rose, Nikita Mijalkov, Aleksandr Novototski Vlasov, Vladímir Moseenko",Eduard Artiomev,Vladislav Opelyants,,"Tri, Te",25000000,4000000,0
Despedidas,Yōjirō Takita,Japón,2008,Drama,130,"Masahiro Motoki, Ryōko Hirosue, Tsutomu Yamazaki, Kimiko Yo, Kazuko Yoshiyuki, Takashi Sasano",Japonés,Toshiaki Nakazawa,Kundō Koyama,Joe Hisaishi,Takeshi Hamada,,Shochiku,,69932387,1
Der Baader Meinhof Komplex,Uli Edel,Alemania,2008,Drama,150,"Martina Gedeck, Moritz Bleibtreu, Johanna Wokalek, Bruno Ganz, Alexandra Maria Lara",Inglés,Bernd Eichinger,Bernd Eichinger,"Peter Hinderthür, Florian Tessloff",Rainer Klausmann,,Constantin Film,,,0
Entre les murs,Laurent Cantet,Francia,2008,Drama,128,"Cherif Bounaïdja Rachedi, Esmeralda Ouertani, Franck Keïta, François Bégaudeau, Juliette Demaille, Laura Baquela, Louise Grinberg, Nassim Amrabt, Nitany Gueyes, Rachel Régulier",Francés,Carole Scotta Caroline Benjo,François Bégaudeau  Robin Campillo  Laurent Cantet,,"Pierre Milon, Catherine Pujol, Georgi Lazarevski",Marie Le Garrec,Haut et Court,,,0
Revanche,Götz Spielmann,Austria,2008,Drama,121,Michael-Joachim Heiss /Johannes Krisch /Andreas Lust /Irina Potapenko /Ursula Strauss/ Johannes Thanheiser /,Alemán,Götz Spielmann,Götz Spielmann,,Martin Gschlacht,,Prisma Film,,886407,0
Waltz with Bashir,Ari Folman,Israel,2008,Documental,90,Ari Folman,Hebreo,"Ari Folman, Serge Lalou, Gerhard Meixner, Yael Nahlieli, Roman Paul",Ari Folman,Max Richter,Declan Quinn,,"Bridgit Folman Film Gang, Les Films d'Ici, Razor Film Produktion",2000000,11125849,0
El secreto de sus ojos,Juan José Campanella,Argentina,2009​,Suspenso,127,"Ricardo Darín, Soledad Villamil, Pablo Rago, Javier Godino, Guillermo Francella",Español,"Juan José Campanella, Mariela Besuievski, Carolina Urbieta, Vanessa Ragone, Axel Kuschevatzky","Juan José Campanella, Eduardo Sacheri","Federico Jusid, Emilio Kauderer",Félix Monti,Cecilia Monti,"Haddock Films, Tornasol Films100 Bares, Telefe, Televisión Española, Canal+Con el apoyo de:Gobierno de España, Ministerio de Cultura de España, ICAAInstituto Nacional de Cine y Artes Audiovisuales, ICO",2000000,56965279,1
Ajami,Scandar Copti,Israel,2009​,Drama,120,"Fouad Habash, Ibrahim Frege, Scandar Copti, Shahir Kabaha, Eran Naim","Árabe, Hebreo","Moshe Danon, Thanassis Karathanos, Talia Kleinhendler","Scandar Copti, Yaron Shani",Rabih Boukhari,Boaz Yehonatan Yaacov,,,1000000,22000000,0
La teta asustada,Claudia Llosa,Perú,2009​,Drama,93,"Magaly Solier, Susi Sánchez, Efraín Solís, Marino Ballón, Antolín Prieto",castellanoquechua sureño,"Antonio Chavarrías, Claudia Llosa, José María Morales",Claudia Llosa,Selma Mutal,Natasha Braier,,"Vela Producciones, Oberón Cinematográfica, Wanda Visión",,,0
Un Prophète,Jacques Audiard,"Francia, Italia",2009​,Drama,155,"Tahar Rahim, Niels Arestrup Antoine Basler Adel Bencherif Hichem Yacoubi Reda Kateb Jean-Philippe Ricci Pierre Leccia Foued Nassah",FrancésÁrabe,"Martine Cassinelli, Antonin Dedet","Jacques Audiard, Thomas Bidegain, Abdel Raouf Dafri, Nicolas Peufaillit",Alexandre Desplat,Stéphane Fontaine,Virginie Montel,"Celluloid Dreams, Why Not Productions, Bi, M Distribuzione, UGCFrance 2Canal+Chic Films, Page 114",13000000,,0
Das weiße Band,Michael Haneke,"Austria, Alemania, Francia, Italia",2009​,Drama,144,"Christian Friedel, Ulrich Tukur, Josef Bierbichler",alemán,"Stefan Arndt, Veit Heiduschka, Michael Katz, Margaret Ménégoz, Andrea Occhipinti",Michael Haneke,,Christian Berger,,"Wega Film, X Filme",12000000,19100000,0
Hævnen,Susanne Bier,Dinamarca,2010​,Drama,113,"Mikael Persbrandt, Trine Dyrholm, Ulrich Thomsen",danés,Sisse Graum Jørgensen,"Anders Thomas Jensen, Susanne Bier, Per Nielsen",Johan Söderqvist,Morten Søborg,,Zentropa,,,1
Biutiful,Alejandro González Iñárritu,México,2010​,Drama,147,"Javier Bardem, Rubén Ochandiano, Eduard Fernández, Maricel Álvarez, Ana Wagener",Español,"Alejandro González Iñárritu, Jon Kilik, Ann Ruark, Fernando Bovaira, Sandra Hermida, Guillermo del Toro","Alejandro González Iñárritu, Armando Bó Jr.Nicolás Giacobone",Gustavo Santaolalla,Rodrigo Prieto,,"Televisió de Catalunya, Televisión Española, Cha Cha Cha Films, Focus Features International",,25100000,0
Kynódontas,Yorgos Lanthimos,Grecia,2010​,Drama,97,"Christos Stergioglou, Michelle Valley, Aggeliki Papoulia, Mary Tsoni, Christos Passalis, Anna Kalaitzidou",Griego,"Iraklis Mavroidis, Athina Rachel Tsangari, Giorgos Tsourianis","Yorgos Lanthimos, Efthymis Filippou",,Thimios Bakatatakis,,Boo Productions,200000,384147,0
Incendies,Denis Villeneuve,Canadá,2010​,Drama,133,"13 personas, Lubna Azabal, Maxim Gaudette, Rémy Girard, Mélissa Désormeaux-Poulin, Allen Altman, Baya Belal, Mohamed Majd, Frédéric Paquet, John Dunn-Hill, Jackie Sawiris, Hind Kamel, Nabil Sawalha, Robert Auclair",Francés,"Luc Déry, Phoebe Greenberg, Ziad Touma, Anthony Doncque, Kim Mc, Craw, Penny Mancuso, Miléna Poylo","Denis Villeneuve, Wajdi Mouawad, Valérie Beaugrand-Champagne",Grégoire Hetzel,André Turpin,Sophie Lefebvre,Micro_scope,,16025025,0
Hors-la-loi,Rachid Bouchareb,Francia,2010​,Drama,140,"17 personas, Jamel Debbouze, Roschdy Zem, Sami Bouajila, Samir Guesmi, Abdelkader Secteur, Assaâd Bouab, Bernard Blancan, Chafia Boudraa, Christian Crahay, Jean-Pierre Lorit, Larbi Zekkal, Mourad Khen, Sabrina Seyvecou, Thibault de Montalembert, Corentin Lobet, Mohamed Grayaa, Alain Blazquez",Árabe,,Rachid Bouchareb,Armand Amar,Christophe Beaucarne,,,,,0
Yodaí-e Nader az Simín,Asghar Farhadi,Irán,2011​,Drama,123,"Leila Hatami, Payman Maadi, Shahab Hosseini, Sareh Bayat, Sarina Farhadi",Persa,Asghar Farhadi,Asghar Farhadi,Sattar Oraki,Mahmoud Kalari,,,500000,12800000,1
Bullhead,Michaël R. Roskam,Bélgica,2011​,Drama,128,Matthias Schoenaerts  Jeroen Perceval  Barbara Sarafian,Neerlandés,Savage Film,Michaël R. Roskam,Raf Keunen,,,,,,0
In Darkness,Agnieszka Holland,Canadá,2011​,Drama,144,"23 personas, Robert Więckiewicz, Kinga Preis, Agnieszka Grochowska, Maria Schrader, Herbert Knaup, Marcin Bosak, Benno Fürmann, Krzysztof Skonieczny, Julia Kijowska, Michal Zurawski, Piotr Glowacki, Filip Garbacz, Weronika Rosati, Joachim Paul Assböck, Ireneusz Czop, Andrzej Mastalerz, Piotr Nowak, Olena Leonenko, Etel Szyc, Maja Bohosiewicz, Jeremias Koschorz, Frank Köbe, Dorota Liliental",Polaco,Juliusz Machulski,David F. Shamoon,Antoni Łazarkiewicz,Jolanta Dylewska,,,,,0
Monsieur Lazhar,Philippe Falardeau,Canadá,2011​,Drama,94,"Mohamed Fellag, Sophie NélisseÉmilien Néron, Danielle Proulx, Brigitte Poupart, Jules Philip",francés,"Luc Déry, Kim Mc, Craw",Philippe Falardeau,Martin Léon,Ronald Plante,Francesca Chamberland,Micro_Scope,,,0
Amor,Michael Haneke,"Austria, Francia, Alemania",2012​,Drama,127,"Jean-Louis Trintignant, Emmanuelle Riva, Isabelle Huppert",francésinglés,"Margaret Ménégoz, Michael Katz, Veit Heiduschka, Stefan Arndt",Michael Haneke,Franz Schubert,Darius Khondji,,"Ver lista, X-Filme Creative Pool, Wega Film, France 3 cinéma, ARD degeto, Bayerischer Rundfunk, Westdeutscher Rundfunk, Canal+France télévisions",,29900000,1
Kon-Tiki,Joachim Rønning,Noruega,2012​,Histórica,118,"Pål Sverre Hagen, Anders Baasmo Christiansen, Gustaf Skarsgård, Tobias Santelmann",Inglés,"Aage Aaberge, Jeremy Thomas","Petter Skavlan, Allan Scott",Johan Söderqvist,Geir Hartly Andreassen,,Nordisk Film,155000000,228000000,0
No,Pablo Larraín,Chile,2012​,Drama,118,"Gael García Bernal, Alfredo Castro, Luis Gnecco, Néstor Cantillana, Antonia Zegers, Jaime Vadell, Marcial Tagle",Español,Juan de Dios Larraín  Pablo Larraín,"Pedro Peirano, A partir de la obra de teatro El plebiscito de Antonio Skármeta",Carlos Cabezas Rocuant,Sergio Armstrong,,Fábula,,2343664,0
Un asunto real,Nikolaj Arcel,Dinamarca,2012​,Drama,137,"Mads Mikkelsen, Alicia Vikander, Mikkel Følsgaard",danés,"Meta Louise Foldager, Sisse Graum Jørgensen, Louise Vesth",Nikolaj Arcel y Rasmus Heisterberg,"Gabriel Yared, Cyrille Aufort",Rasmus Videbæk,,"DRTVFilm i Väst, Sveriges Television, Zentropa",,6047932,0
War Witch,Kim Nguyen,Canadá,2012​,Drama,90,"Rachel Mwanza, Serge Kanyinda, Alain Lino Mic Eli Bastien","Francés, Lingala","Pierre Even, Marie-Claude Poulin, Kim Nguyen",Kim Nguyen,"Gabriel Yared, Cyrille Aufort",Nicolas Bolduc,,,,,0
La gran belleza,Paolo Sorrentino,Italia  Francia,2013​,"Comedia, drama",142,"29 personas, Toni Servillo, Carlo Verdone, Sabrina Ferilli, Carlo Buccirosso, Iaia Forte, Pamela Villoresi, Galatea Ranzi, Franco Graziosi, Giorgio Pasotti, Massimo Popolizio, Luca Marinelli, Serena Grandi, Vernon Dobtcheff, Dario Cantarelli, Anita Kravos, Massimo De Francovich, Roberto Herlitzka, Isabella Ferrari, Giulio Brogi, Pasquale Petrolo, Claudio Gregori, Fanny Ardant, Ivan Franek, Stefania Barca, Paolo Mazzarelli, Lorenzo Gioielli, Nicola Giuliano, Giusi Merli, Giulia Di Quilio",italiano,Nicola Giuliano  Francesca Cima,Paolo Sorrentino  Umberto Contarello,Lele Marchitelli,Luca Bigazzi,Daniela Ciancio,"Medusa Film, PathéFrance 2Indigo Film",,,1
Jagten,Thomas Vinterberg,Dinamarca,2013​,Drama,115,"Mads Mikkelsen, Thomas Bo Larsen, Annika Wedderkopp, Lasse Folgelstrøm, Susse Wold",Danés,"Morten Kaufmann, Sisse Graum Jørgensen","Tobias Lindholm, Thomas Vinterberg",Nikolaj Egelund,Charlotte Bruus Christensen,,Zentropa Entertainments,,,0
The Missing Picture,Rithy Panh,Camboya,2013​,Documental,92,"Jean-Baptiste Phou, Randal Douc",Francés,Catherine Dussart,Rithy Panh Christophe Bataille,Marc Marder,Prum Mesa,,,49768,52164,0
Omar,Hany Abu-Assad,Palestina,2013​,Suspense,96,"Adam Bakri, Leem Lubany",Árabe,"Hany Abu-Assad Waleed Zuaiter, David Gerson",Hany Abu-Assad,,Ehab Assal,,ZBROS,,,0
Ida,Paweł Pawlikowski,Polonia,2014​,Drama,82,"Agata Trzebuchowska, Agata Kulesza",Polaco,"Eric Abraham, Piotr Dzieciol, Ewa Puszczynska","Paweł Pawlikowski, Rebecca Lenkiewicz",Kristian Eidnes Andersen,"Lukasz Zal, Ryszard Lenczewski","Ola Staszko, Agata Winska","Opus Film, Phoenix Film Investments",,11100000,1
Leviatán,Andréi Zviáguintsev,Rusia,2014​,Drama,141,"Alekséi Serebryakov, Elena Lyádova, Vladímir Vdovichénkov, Román Madyánov",ruso,Alexander Rodnyansky,"Andréi Zviáguintsev, Oleg Neguin",Philip Glass,Mijaíl Krichman,,Non-Stop Production,220000000,245794,0
Mandariinid,Zaza Urushadze,"Estonia, Georgia",2014​,Drama,87,"Lembit Ulfsak, Elmo Nüganen, Mikheil Meskhi, Giorgi Nakashidze, Raivo Trass",estoniorusogeorgiano,"Ivo Felt, Zaza Urushadze",Zaza Urushadze,Niaz Diasamidze,Rein Kotov,,Allfilm,650000,,0
Timbuktu,Abderrahmane Sissako,Mauritania,2014​,Drama,100,"Ibrahim Ahmed, Toulou Kiki, Hichem Yacoubi",Tamashek,"Sylvie Pialat, Etienne Comar","Abderrahmane Sissako, Kessen Tall",Amine Bouhafa,Sofian El Fani,Amy Sow,Arches Films,,,0
Relatos salvajes,Damián Szifron,Argentina,2014​,"Antología, Suspense, Drama, Humor Absurdo, Comedia Oscura",122,"Ricardo Darín, Oscar Martínez, Leonardo SbaragliaÉrica Rivas, Rita Cortese, Julieta Zylberberg, Darío Grandinetti",Español,"Agustín Almodóvar, Pedro Almodóvar, Esther García, Matías Mosteirín, Felipe Photiades, Gerardo Rozín, Hugo Sigman, Axel Kuschevatzky",Damián Szifron,Gustavo Santaolalla,Javier Juliá,,"Kramer & Sigman Films, El Deseo, Telefe, Corner Contenidos",4000000,30642000000000,0
El hijo de Saúl,László Nemes,Hungría,2015​,Drama,107,"Géza Röhrig, Levente Molnár, Urs Rechn",Húngaro,"Gábor Sipos, Gábor Rajna","László Nemes, Clara Royer",László Melis,Mátyás Erdély,Edit Szűcs,Laokoon Filmgroup,,,1
El abrazo de la serpiente,Ciro Guerra,"Argentina, Colombia, Venezuela",2015​,Aventuras,125,"Jan Bijvoet, Brionne Davis, Nilbio Torres, Antonio Bolívar, Yauenkü Migue, Nicolás Cancino, Luigi Sciamanna",Latín,Cristina Gallego,"Ciro Guerra, Jacques Toulemonde Vidal",Nascuy Linares,David Gallego,,"Ciudad Lunar Producciones, Caracol Cine, Norte, Sur Producciones, Buffalo Films, Dago Producciones",15000000,,0
Mustang,Deniz Gamze Ergüven,Francia,2015​,Drama,97,"Güneş Şensoy, Doğa Doğuşlu, Elit İşcan, Tuğba Sunguroğluİlayda Akdoğan",Turco,Charles Gillibert,"Deniz Gamze Ergüven, Alice Winocour",Warren Ellis,"David Chizallet, Ersin Gok",Selin Sozen,CG Cinema,13000000,,0
Theeb,Naji Abu Nowar,"Jordania, Emiratos Árabes Unidos, Reino Unido, Catar",2015​,Drama,100,"Jacir Eid Al-Hwietat, Hussein Salameh Al-Sweilhiyeen",árabe,"Diala Al Raie, Bassel Ghandour, Nasser Kalaj, Yanal Kassay, Rupert Lloyd, Laith Majali, Nadine Toukan","Naji Abu Nowar, Bassel Ghandour",Jerry Lane,Wolfgang Thaler,Jamila Aladdin,"Immortal Entertainment, Bayt Al Shawareb, Noor Pictures",,,0
Krigen,Tobias Lindholm,Dinamarca,2015​,Cine bélico,115,"Johan Philip Asbæk, Søren Malling, Dulfi al-Jabouri, Dar Salim, Charlotte Munck, Tuva Novotny, Petrine Agger, Alex Høgh Andersen, Christian ""Krølle"" Pedersen, David Barrett",Danés,"René Ezra, Tomas Radoor",Tobias Lindholm,Sune Rose Wagner,Magnus Nordenhof Jønck,,Nordisk Film,,,0
Forushandeh,Asghar Farhadi,"Irán, Francia",2016​,Drama,125,"Shahab Hosseini, Taraneh Alidoosti",Persa,"Alexandre Mallet-Guy, Asghar Farhadi",Asghar Farhadi,Sattar Oraki,Hossein Jafarian,,,,,1
Under sandet,Martin Zandvliet,Dinamarca,2016​,Cine bélico,101,"Roland Möller, Mikkel Følsgaard, Louis Hofmann, Joel Basman, Emil Belton, Oskar Belton, Oskar Bökelmann, Leon Seidel, Joel Basman, Karl Alexander Seidel, Maximilian Beck",Alemán,Mikael Rieks,Martin Zandvliet,,Camilla Hjelm Knudsen,Stefanie Bieker,Nordisk Film ST,,355000000,0
Un hombre llamado Ove,Hannes Holm,Suecia,2016​,drama,116,"Rolf Lassgård, Bahar Pars, Filip Berg, Ida Engvoll, Chatarina Larsson, Johan Widerberg, Anna-Lena Bergelin",sueco,"Annica Bellander, Nicklas Wikström Nicastro",Hannes Holm,Gaute Storaas,Göran Hallberg,Camilla Lindblom,Tre Vänner,,258000000,0
Tanna,"Martin Butler, Bentley Dean",Australia,2016​,Drama,100,"Marie Wawa, Mungau Dain",Nauvhal,"Carolyn Johnson, Bentley Dean, Martin Butle","Martin Butler, Bentley Dean, John Collee",Anthony Partos,Bentley Dean,,Lightyear Entertainment,,,0
Toni Erdmann,Maren Ade,"Alemania, Austria",2016​,Drama,162,"Peter Simonischek, Sandra Hüller, Michael Wittenborn, Thomas Loibl, Trystan Pütter, Hadewych Minis, Lucy Russell, Ingrid Bisu, Vlad Ivanov, Victoria Cocias",alemáninglésrumano,"Maren Ade, Jonas Dornbach, Janine Jackowski",Maren Ade,Patrick Veigel,Patrick Orth,,"Komplizen Film​Coop99KNMMissing Link Films, SWRWDRArte",,7100000,0
Una mujer fantástica,Sebastián Lelio,Chile,2017​,Drama,104,"Daniela Vega, Francisco Reyes",Español,"Juan de Dios Larraín, Pablo Larraín, Sebastián Lelio, Gonzalo Maza","Sebastián Lelio, Gonzalo Maza",Matthew Herbert,Benjamín Echazarreta,,"Fábula, Komplizen Film",,3730327,1
El insulto,Ziad Doueiri,Líbano,2017​,Drama,112,"Adel Karam, Kamel El Basha, Rita Hayek, Julia Kassar",Árabe,"Rachid Bouchareb, Jean Bréhat, Julie Gayet, Antoun Sehnaoui, Nadia Turincev","Ziad Doueiri, Joelle Touma",Éric Neveux,Tommaso Fiorilli,,"Ezekiel Films, Tessalit Productions, Rouge International",,,0
Sin amor,Andréi Zviáguintsev,Rusia,2017​,Drama,128,"Aleksey Rozin, Mariana Spivak, Andris Keišs, Vladimir Vdovichenkov, Evgeniya Dmitrieva",Ruso,"Alexander Rodnyansky, Sergey Melkumov, Gleb Fetisov","Oleg Negin, Andréi Zviáguintsev","Evgueni Galperine, Sacha Galperine",Mikhail Krichman,,"Non-Stop Production, Arte France Cinéma, Les Films du Fleuve, Why Not Productions, Senator Film Produktion",,4819164,0
En cuerpo y alma,Ildikó Enyedi,Hungría,2017​,Drama,116,"11 personas, Géza Morcsányi, Alexandra Borbély, Zoltán Schneider, Ervin Nagy, Réka TenkiÉva Bata, Tamás Jordán, Itala Békés, Zsuzsa JáróPál Mácsai, Júlia Nyakó",Húngaro,"Ernő Mesterházy, András Muhi, Mónika Mécs",Ildikó Enyedi,Ádám Balázs,Máté Herbai,,Inforg-M&M Film,,,0
The square,Ruben Östlund,Suecia,2017​,Drama,151,"16 personas, Claes Bang, Elisabeth Moss, Dominic West, Terry Notary, Sofie Hamilton, Christopher LæssøJohan Jonason, Stefan Gödicke, Julia Sporre, John Nordling, Annica Liljeblad, Per Magnus Johansson, Daniel Hallberg, Marga Pettersson, Moa Enqvist Stefansdotter, Bo Melin",Inglés,"Erik Hemmendorff, Philippe Bober",Ruben Östlund,,Fredrik Wenzel,,,,,0
Roma,Alfonso Cuarón,México,2018​,Drama,135,"Yalitza Aparicio, Marina de Tavira, Jorge Antonio Guerrero",Español,"Alfonso Cuarón, Gabriela Rodríguez, Nicolás Celis",Alfonso Cuarón,,"Alfonso Cuarón, Galo Olivares",,"Participant Media, Esperanto Filmoj",15000000,51000000,1
Cafarnaúm,Nadine Labaki,Líbano,2018​,Drama,123,"Zain Al Rafeea, Yordanos Shiferaw, Boluwatife Treasure Bankole",Árabe,"Michel Merkt, Khaled Mouzanar","Nadine Labaki, Jihad Hojaily  Michelle Keserwany  Georges Khabbaz  Khaled Mouzanar",Khaled Mouzanar,Christopher Aoun,,Mooz Films,4000000,68583867,0
Cold War,Paweł Pawlikowski,Polonia,2018​,Drama,84,"12 personas, Joanna Kulig, Tomasz Kot, Jeanne Balibar, Cédric Kahn, Adam Woronowicz, Adam Ferency, Agata Kulesza, Borys Szyc, Adam Szyszkowski, Aleksandra Yermak, Slavko Sobin, Krzysztof Materna",Polaco,"Ewa Puszczyńska, Tanya Seghatchian","Janusz Głowacki, Paweł Pawlikowski, Piotr Borkowski",Marcin Masecki,Łukasz Żal,Aleksandra Staszko,Film4 Productions,,25000000,0
Manbiki Kazoku,Hirokazu Koreeda,Japón,2018​,Drama,121,"23 personas, Lily Franky, Sakura Ando, Mayu Matsuoka, Sosuke Ikematsu, Naoto Ogata, Yoko Moriguchi, Yūki Yamada, Kirin Kiki, Moemi Katayama, Kengo Kora, Chizuru Ikewaki, Akira Emoto, Kairi JōMiyu Sasaki, Aju Makita, Yuki Yamada, Daisuke Kuroda, Izumi Matsuoka, Kazuaki Shimizu, Hajime Inoue, Katsuya Maiguma, Shinsuke Kasai, Mana Mikami",Japonés,"Matsuzaki Kaoru, Yose Akihiko, Taguchi Hijiri",Hirokazu Koreeda,Haruomi Hosono,Kondo Ryuto,,"Aoi Pro, Inc.",,22835787,0
Never Look Away,Florian Henckel von Donnersmarck,Alemania,2018​,Drama,188,"28 personas, Tom Schilling, Sebastian Koch, Paula Beer, Saskia Rosendahl, Ina Weisse, Oliver Masucci, Evgeny Sidikhin, Ulrike C. Tscharre, Hanno Koffler, Florian Bartholomäi, Hans Uwe Bauer, Cai Cohrs, Ben Becker, Antonia Bill, Rainer Bock, Jonas Dassler, Jacob Matschenz, Lars Eidinger, Johanna Gastdorf, Jeanette Hain, Franz Pätzold, Sebastian Rudolph, Hinnerk Schönemann, Eva Maria Jost, Jörg Schüttauf, David Schütter, Hannes Hellmann, Konstantin Frolov",Alemán,"Quirin Berg, Florian Henckel von Donnersmarck, Jan Mojto, Max Wiedemann",Florian Henckel von Donnersmarck,Max Richter,Caleb Deschanel,,CJ Entertainment,,4910420,0
Gisaengchung,Bong Joon-ho,Corea del Sur,2019​,Drama,132,"Song Kang-ho, Lee Sun-kyun, Cho Yeo-jeong, Choi Woo-shik, Park So-dam, Jung Ji-so",Coreano,"Bong Joon-ho, Kwak Sin-ae","Bong Joon-ho, Han Jin-won",Jeong Jae-il,Hong Kyung-pyo​,,Barunson E&ACJ Entertainment,13500000000,254088600,1
Boże Ciało,Jan Komasa,Polonia,2019​,Drama,115,"14 personas, Bartosz Bielenia, Aleksandra Konieczna, Eliza Rycembel, Tomasz Ziętek, Barbara Kurzaj, Leszek LichotaŁukasz Simlat, Zdzisław Wardejn, Lidia Bogaczówna, Bogdan Brzyski, Juliusz Chrząstowski, Helena Norowicz, Dariusz Starczewski, Marta Waldera",Polaco,"Aneta Hickinbotham, Leszek Bodzak",Mateusz Pacewicz,"Evgueni Galperine, Sacha Galperine",Piotr Sobociński junior,Dorota Roqueplo,Aurum Film,,,0
Honeyland,Tamara Kotevska,Macedonia del Norte,2019​,Documental,89,,Turco,"Ljubomir Stefanov, Atanas Georgiev",,Foltin,"Samir Ljuma, Fejmi Daut",,,,840083,0
Les Misérables,Ladj Ly,Francia,2019​,Drama,103,"Damien Bonnard, Jeanne Balibar, Issa Perica",Francés,"Christophe Barral, Toufik Ayadi","Ladj Ly, Giordano Gederlini, Alexis Manenti",,Julien Poupard,,SRAB Films,,16819027,0
Dolor y gloria,Pedro Almodóvar,España,2019​,Drama,108,"Antonio Banderas, Asier Etxeandia, Julieta Serrano, Leonardo Sbaraglia, Nora Navas, Penélope Cruz, Cecilia Roth, Susi Sánchez, Julián López, Raúl Arévalo, Rosalía",Español,"Agustín Almodóvar, Esther García Rodríguez",Pedro Almodóvar,Alberto Iglesias,José Luis Alcaine Escaño,,El Deseo,,38080034,0
Otra ronda,Thomas Vinterberg,Dinamarca,2020​,Comedia,115,"Mads Mikkelsen, Thomas Bo Larsen, Magnus Millang, Lars Ranthe",Danés,"Sisse Graum Jørgensen, Kasper Dissing","Thomas Vinterberg, Tobias Lindholm",Janus Billeskov Jansen,Sturla Brandth Grøvlen,"Ellen Lens, Manon Rasmussen","Zentropa, Film i Väst, Topkapi Films",,,1
Better Days,Derek Tsang,Hong Kong,2020​,"Bullying, Romance, Drama,Escuela, Psicológico",135,"Zhou Dongyu, Jackson Yee",Mandarín,Xu Yuezhen,"Lam Wing Sum, Li Yuan, Xu Yimeng",Varqa Buehrer,Yu Jing-Pin,,,,223924428,0
Colectiv,Alexander Nanau,Rumanía,2020​,Documental,109,,Rumano,"Alexander Nanau, Bianca Oana, Bernard Michaux, Hanka Kastelicová","Alexander Nanau, Antoaneta Opriș",Kyan Bayani,Alexander Nanau,,"Alexander Nanau Production, Samsa Film Luxembourg, HBO Europe, Mitteldeutscher Rundfunk, Radio Télévision Suisse, Radiotelevisione svizzera di lingua italiana, YES Docu",,147875,0
El hombre que vendió su piel,Kaouther Ben Hania,Francia,2020​,Drama,104,"Koen De Bouw, Christian Vadim, Monica Bellucci, Yahya Mahayni",Árabe,,Kaouther Ben Hania,,,,,,,0
"Quo Vadis, Aida?",Jasmila Žbanić,"Bosnia y Herzegovina, Austria, Alemania, Francia, Holanda, Noruega, Polonia, Rumania, Turquía",2020​,Drama,101,"Jasna ĐuričićIzudin BajrovićBoris Ler, Boris IsakovićJohan Heldenbergh, Raymond Thiry, Emir HadžihafizbegovićMadita, Dino Bajrović","Bosnio, Inglés, Serbio, Neerlandés",Damir IbrahimovićJasmila Žbanić,Jasmila Žbanić,Antoni Łazarkiewicz,Christine A. Maier,,"Coop99Deblokada, Razor Film, Tordenfilm, Türkiye Radyo Televizyon Kurumu",35000000,,0
Drive My Car,Ryūsuke Hamaguchi,Japón,2021​,Drama,179,"Hidetoshi Nishijima, Tōko Miura, Reika Kirishima",Japonés,Teruhisa Yamamoto,"Ryūsuke Hamaguchi, Takamasa Oe",Eiko Ishibashi,Hidetoshi Shinomiya,,"C&I Entertainment, Culture Entertainment, Bitters End",,5293375,1
Flee,Jonas Poher Rasmussen,"Estados Unidos, Reino Unido, Francia, Suecia, Noruega, Dinamarca",2021​,Documental,90,,"Inglés, Danés","Monica Hellström, Signe Byrge Sørensen, Charlotte de La Gournerie","Jonas Poher Rasmussen, Amin",Uno Helmersson,,,"Vice Studios, Left Handed Films, RYOT Films, Final Cut for Real, Sun Creature Studio, Vivement Lundi, Most, Film, Mer, Film, Arte, Danish Film Institute, Swedish Film Institute, SVTNorwegian Film Institute, Nordisk Film & TV Fond, Copenhagen Film Fund, West Danish Film Fund, Creative Europe, Movistar Plus, I Wonder Pictures, CNCFritt Ord",,457956,0
Fue la mano de Dios,Paolo Sorrentino,Italia,2021​,Drama,130,"Toni Servillo, Luisa Ranieri, Lino Musella",Italiano,,Paolo Sorrentino,Lele Marchitelli,Daria D'Antonio,Mariano Tufano,,,,0
Lunana: A Yak in the Classroom,Pawo Choyning Dorji,Bután,2021​,Drama,109,"Sherab Dorji, Ugyen Norbu Lhendup, Kelden Lhamo Gurung, Kunzang Wangdi",Dzongkha,Pawo Choyning Dorji,Pawo Choyning Dorji,,Jigme Tenzing,,Dangphu Dingphu:a 3 pigs Production,,,0
The Worst Person in the World,Joachim Trier,Noruega,2021​,Comedia dramática,128,Anders Danielsen Lie,Noruego,"Andrea Berentsen Ottmar, Thomas Robsahm","Joachim Trier, Eskil Vogt",Ola Fløttum,Kasper Tuxen,,"Film i Väst, B-Reel Films",5000000,126000000,0
Sin novedad en el frente,Edward Berger,Alemania,2022​,Acción,147,"Felix Kammerer, Albrecht Schuch, Aaron Hilmer, Edin HasanovićDaniel Brühl, Thibault de Montalembert, Devid Striesow",Alemán,"Malte Grunert, Daniel Dreifuss, Edward Berger, Thorsten Schumacher, Lesley Paterson, Ian Stokell","Edward Berger, Ian Stokell, Lesley Paterson",Volker Bertelmann,James Friend,Lisy Christl,Amusement Park Films  Sliding Down Rainbows Entertainmen,,,1
"Argentina, 1985",Santiago Mitre,"Argentina, Estados Unidos",2022​,Drama histórico,140,"Ricardo Darín, Peter Lanzani",español,"Victoria Alonso, Santiago Carabante, Chino Darín, Ricardo Darín, Axel Kuschevatzky, Agustina Llambi-Campbell, Santiago Mitre, Federico Posternak, Cindy Teperman","Santiago Mitre, Mariano Llinás",Pedro Osuna,Javier Juliá,Mónica Toschi,"La Unión de los Ríos, Kenya Films, Infinity Hill",,,0
Close,Lukas Dhont,"Bélgica, Países Bajos, Francia",2022​,Drama,105,"Eden Dambrine, Gustav de WaeleÉmilie Dequenne, Léa Drucker",Francés,"Dirk Impens, Michiel Dhont","Lukas Dhont, Angelo Tijssens",Valentin Hadjadj,Frank van den Eeden,,"Menuet, Diaphana Films, Topkapi Films, Versus Production",,,0
EO,Jerzy Skolimowski,Polonia,2022​,Drama,88,"Sandra Drzymalska, Lorenzo Zurzolo, Mateusz Kościukiewicz, Isabelle Huppert, Saverio Fabbri",Polaco,"Jerzy Skolimowski, Ewa Piaskowska","Jerzy Skolimowski, Ewa Piaskowska",Paweł Mykietyn,Michał Dymek,,"Skopia Film, Alien Films",,,0
The Quiet Girl,Colm Bairéad,Irlanda,2022​,Drama,95,"Catherine Clinch, Carrie Crowley, Michael Patric, Andrew Bennett, Kate Nic Chonaonaigh",Irlandés,,Colm Bairéad,,"Kate Mc, Cullough",,,,3303485,0
The Zone of Interest,Jonathan Glazer,Reino Unido,2023​,Suspenso psicológico,105,"12 personas, Sandra Hüller, Christian Friedel, Ralph Herforth, Daniel Holzberg, Sascha Maaz, Freya Kreutzkam, Imogen Kogge, Lilli Falk, Maximilian Beck, Medusa Knopf, Marie Rosa Tietjen, Stephanie Petrowitz","Alemán, Polaco, Yidis",Ewa Puszczyńska,Jonathan Glazer,Mica Levi,Łukasz Żal,,"A24_Film4 Productions, House Productions, Extreme Emotions",15000000,52798191,1
Yo capitán,Matteo Garrone,Italia,2023​,Drama,121,"Isaka Sawadogo, Affif Ben Badra, Hichem Yacoubi, Joseph Beddelem, Oumar Diaw, Mariam Kaba, Princess Erika, Cheikh Ndiaye",Francés,"Matteo Garrone, Joseph Rouschop, Ardavan Safaee, Paolo Del Brocco","Massimo Gaudioso, Matteo Garrone, Massimo Ceccherini, Andrea Tagliaferri",Andrea Farri,Paolo Carnera,,"Rai Cinema, Tarantula, Tarantula Belgique",,6452784,0
Perfect Days,Wim Wenders,Japón,2023​,Drama,123,"Kōji Yakusho, Tokio Emoto, Aoi Yamada, Yumi Asou, Sayuri Ishikawa, Tomokazu Miura, Min Tanaka, Morio Agata, Morooka Moro, Yoneko Matsukane",Japonés,"Kōji Yakusho, Wim Wenders","Takuma Takasaki, Wim Wenders",,Franz Lustig,,"Master Mind Limited, Wim Wenders Productions",,25631936,0
La sociedad de la nieve,Juan Antonio Bayona,España,2023​,Aventuras,144,"Enzo Vogrincic, Matías Recalt, Agustín Pardella, Felipe Otaño, Luciano Chatton, Valentino Alonso, Francisco Romero, Agustín Berruti, Andy Pruss Manuela Olivera, Simón Hempe, Juan Caruso",Español,"Belén Atienza, Sandra Hermida, J. A. Bayona","J. A. Bayona, Bernat Vilaplana, Jaime Marqués, Nicolás Casariego",Michael Giacchino,Pedro Luque,Julio Suárez,"Misión de Audaces Films, El Arriero Films, Netflix",60000000,,0
La sala de profesores,İlker Çatak,Alemania,2023​,Drama,99,"Leonie Benesch, Michael Klammer, Rafael Stachowiak, Anne-Kathrin Gummich, Eva Löbau, Kathrin Wehlisch, Sarah Bauerett, Lisa Marie Trense, Uygar TamerÖzgür Karadeniz",Alemán,Ingo Fliess,"İlker Çatak, Johannes Duncker",Marvin Miller,Judith Kaufmann,,"Arte, ZDF",,2844432,0
